id,title,description,publishedAt,tags,categoryId,defaultLanguage,defaultAudioLanguage,thumbnail_default,thumbnail_high,duration,viewCount,likeCount,commentCount,privacyStatus,channel_id,channel_title,channel_description,channel_country,channel_thumbnail,channel_subscriberCount,channel_videoCount
u9JUNOUqUC0,Nothing Made a Budget Phone (*AGAIN*),"Nothing's cheapest phone yetâ€”but is it actually worth it? ğŸ¤” We put the Phone (3a) Lite through real-world tests to see if that iconic glyph design and Nothing OS magic can justify â‚¹20k, or if the CMF Phone 2 Pro is the smarter buy. The answer might surprise you!

 #Phone3aLite #Nothing

ğŸš€ We Are Hiring! APPLY HERE: https://techwiser.com/we-are-hiring

ğŸŒŸ Please leave a LIKE â¤ï¸ and SUBSCRIBE For More Videos Like This! ğŸŒŸ

------------------------------------------------------------------------------
 
ğŸŒŸ  Follow Us Other Social Media Platforms ğŸŒŸ 

ğŸ¦ Twitter: https://twitter.com/TechWiser
ğŸ‘©â€ğŸ‘§â€ğŸ‘¦ Facebook: https://www.facebook.com/techwiser
ğŸ“· Instagram: https://www.instagram.com/techwiser
ğŸŒ Website: http://techwiser.com
------------------------------------------------------------------------------
 
ğŸŒŸ Team TechWiser ğŸŒŸ 

ğŸ™‹ğŸ»â€â™‚ï¸ Video Producer: https://www.instagram.com/praaatiiik
ğŸ“¹ Channel Manager: https://www.instagram.com/mr_dinesh_ji
ğŸ‘¨ğŸ»â€ğŸ’» Script: https://www.instagram.com/shoubhik_sadhu/ 
ğŸ‘¨ğŸ»â€ğŸ’» Video Editor: https://www.instagram.com/y_singhal/
ğŸ‘¨ğŸ»â€ğŸ’» Video Editor: https://www.instagram.com/development_enthusiast/
ğŸ‘¨ğŸ»â€ğŸ’» Video Editor: https://www.instagram.com/sathvikpanchumarthy/
ğŸ‘¨ğŸ»â€ğŸ’» Video Editor: https://www.instagram.com/yuv.3gp/

#Tech #Smartphones #TeamTechWiser",2025-11-27T06:43:06Z,TechWiser,28,en,en-GB,https://i.ytimg.com/vi/u9JUNOUqUC0/default.jpg,https://i.ytimg.com/vi/u9JUNOUqUC0/hqdefault.jpg,PT7M30S,17285,879,131,public,UCdp6GUwjKscp5ST4M4WgIpw,TechWiser,"Founded in 2012, TechWiser helps people to solve common tech-related problems in fun and simple way.

This channel contains product affiliate links from Amazon. We may receive a commission if you make a purchase after clicking on one of these links.Â 

",IN,https://yt3.ggpht.com/CqJpQN1SJM9sLiT-bXiS5NFJf-gXhy7CBX2ft-gY1lSr84BR1knBzA7MwS0wtQDwhkwMVmxgAA=s88-c-k-c0x00ffffff-no-rj,2450000,1660
oqzNg4ANVeE,The Most Hyped Value Flagship Of 2025!,"iQOO 15 vs iPhone 17 Pro cameraâ€”can YOU spot the difference? ğŸ“¸ We put this ""performance-focused brand"" through the ultimate test: 7000mAh battery, wireless charging, and the all-new Origin OS 6. But here's the twistâ€”the camera might just shock you. Is this â‚¹65k flagship the game-changer India's been waiting for? Watch till the end. ğŸ”¥

https://TechWiser.oia.bio/iQOO15Amazon
https://TechWiser.oia.bio/iQOO15EStore
#iQOO15 #BeTheGOAT #Snapdragon

ğŸš€ We Are Hiring! APPLY HERE: https://techwiser.com/we-are-hiring

ğŸŒŸ Please leave a LIKE â¤ï¸ and SUBSCRIBE For More Videos Like This! ğŸŒŸ

------------------------------------------------------------------------------
 
ğŸŒŸ  Follow Us Other Social Media Platforms ğŸŒŸ 

ğŸ¦ Twitter: https://twitter.com/TechWiser
ğŸ‘©â€ğŸ‘§â€ğŸ‘¦ Facebook: https://www.facebook.com/techwiser
ğŸ“· Instagram: https://www.instagram.com/techwiser
ğŸŒ Website: http://techwiser.com
------------------------------------------------------------------------------
 
ğŸŒŸ Team TechWiser ğŸŒŸ 

ğŸ™‹ğŸ»â€â™‚ï¸ Video Producer: https://www.instagram.com/praaatiiik
ğŸ“¹ Channel Manager: https://www.instagram.com/mr_dinesh_ji
ğŸ‘¨ğŸ»â€ğŸ’» Script: https://www.instagram.com/shoubhik_sadhu/ 
ğŸ‘¨ğŸ»â€ğŸ’» Video Editor: https://www.instagram.com/y_singhal/
ğŸ‘¨ğŸ»â€ğŸ’» Video Editor: https://www.instagram.com/development_enthusiast/
ğŸ‘¨ğŸ»â€ğŸ’» Video Editor: https://www.instagram.com/sathvikpanchumarthy/
ğŸ‘¨ğŸ»â€ğŸ’» Video Editor: https://www.instagram.com/yuv.3gp/

#Tech #Smartphones #TeamTechWiser",2025-11-26T09:47:43Z,TechWiser,28,en,en-GB,https://i.ytimg.com/vi/oqzNg4ANVeE/default.jpg,https://i.ytimg.com/vi/oqzNg4ANVeE/hqdefault.jpg,PT10M8S,27964,1524,246,public,UCdp6GUwjKscp5ST4M4WgIpw,TechWiser,"Founded in 2012, TechWiser helps people to solve common tech-related problems in fun and simple way.

This channel contains product affiliate links from Amazon. We may receive a commission if you make a purchase after clicking on one of these links.Â 

",IN,https://yt3.ggpht.com/CqJpQN1SJM9sLiT-bXiS5NFJf-gXhy7CBX2ft-gY1lSr84BR1knBzA7MwS0wtQDwhkwMVmxgAA=s88-c-k-c0x00ffffff-no-rj,2450000,1660
krcTkMDjW8Q,"Finally, A Good All-Rounder Phone! * Moto G57 Power*","Budget phones are changing... but is being ""good at everything"" enough? ğŸ“± The Moto G57 Power packs 7000mAh battery, Snapdragon 6s Gen 4, and promises to be the all-rounder under â‚¹15K. We tested it for weeks to see if it actually delivers or falls into the same trap as others. ğŸ‘€

#MotoG57Power #BeUnstoppable #Motorola

Checkout the G57 Power here:
https://Techwiser.oia.bio/motog57power-flipkart
https://Techwiser.oia.bio/motog57power

ğŸš€ We Are Hiring! APPLY HERE: https://techwiser.com/we-are-hiring

ğŸŒŸ Please leave a LIKE â¤ï¸ and SUBSCRIBE For More Videos Like This! ğŸŒŸ

------------------------------------------------------------------------------
 
ğŸŒŸ  Follow Us Other Social Media Platforms ğŸŒŸ 

ğŸ¦ Twitter: https://twitter.com/TechWiser
ğŸ‘©â€ğŸ‘§â€ğŸ‘¦ Facebook: https://www.facebook.com/techwiser
ğŸ“· Instagram: https://www.instagram.com/techwiser
ğŸŒ Website: http://techwiser.com
------------------------------------------------------------------------------
 
ğŸŒŸ Team TechWiser ğŸŒŸ 

ğŸ™‹ğŸ»â€â™‚ï¸ Video Producer: https://www.instagram.com/praaatiiik
ğŸ“¹ Channel Manager: https://www.instagram.com/mr_dinesh_ji
ğŸ‘¨ğŸ»â€ğŸ’» Script: https://www.instagram.com/shoubhik_sadhu/ 
ğŸ‘¨ğŸ»â€ğŸ’» Video Editor: https://www.instagram.com/y_singhal/
ğŸ‘¨ğŸ»â€ğŸ’» Video Editor: https://www.instagram.com/development_enthusiast/
ğŸ‘¨ğŸ»â€ğŸ’» Video Editor: https://www.instagram.com/sathvikpanchumarthy/
ğŸ‘¨ğŸ»â€ğŸ’» Video Editor: https://www.instagram.com/yuv.3gp/

#Tech #Smartphones #TeamTechWiser",2025-11-24T07:50:18Z,TechWiser,28,en,en-GB,https://i.ytimg.com/vi/krcTkMDjW8Q/default.jpg,https://i.ytimg.com/vi/krcTkMDjW8Q/hqdefault.jpg,PT7M15S,39758,1305,1052,public,UCdp6GUwjKscp5ST4M4WgIpw,TechWiser,"Founded in 2012, TechWiser helps people to solve common tech-related problems in fun and simple way.

This channel contains product affiliate links from Amazon. We may receive a commission if you make a purchase after clicking on one of these links.Â 

",IN,https://yt3.ggpht.com/CqJpQN1SJM9sLiT-bXiS5NFJf-gXhy7CBX2ft-gY1lSr84BR1knBzA7MwS0wtQDwhkwMVmxgAA=s88-c-k-c0x00ffffff-no-rj,2450000,1660
4qjUDKluVuc,Is the OnePlus 15 an Upgrade or Downgrade?,"We answered your burning questions about the OnePlus 15: heating issues, camera downgrades, and that price hike everyone's talking about. ğŸ”¥ From ceramic coating to lifetime display warranty, here's everything OnePlus won't tell you. Is it really worth the upgrade?

#OnePlus15 #PowerOnLimitsOff

Checkout the phone here:
Amazon: https://www.amazon.in/b?ie=UTF8&ref=nlx_dp_r_B0FTRN7L8Q&node=213262784031

OnePlus: https://www.oneplus.in/oneplus-15?utm_source=pr&utm_medium=kol&utm_campaign=launch",2025-11-23T11:00:10Z,TechWiser,28,en,en-GB,https://i.ytimg.com/vi/4qjUDKluVuc/default.jpg,https://i.ytimg.com/vi/4qjUDKluVuc/hqdefault.jpg,PT1M47S,221748,10798,245,public,UCdp6GUwjKscp5ST4M4WgIpw,TechWiser,"Founded in 2012, TechWiser helps people to solve common tech-related problems in fun and simple way.

This channel contains product affiliate links from Amazon. We may receive a commission if you make a purchase after clicking on one of these links.Â 

",IN,https://yt3.ggpht.com/CqJpQN1SJM9sLiT-bXiS5NFJf-gXhy7CBX2ft-gY1lSr84BR1knBzA7MwS0wtQDwhkwMVmxgAA=s88-c-k-c0x00ffffff-no-rj,2450000,1660
0yjGNRXLpsw,The Smartphone War That Apple is LOSING!,"We put Apple Intelligence and Galaxy AI through brutal real-world tests, and the results shocked us. ğŸ¤¯ From photo editing to live translation, one AI dominated while the other struggled with basic tasks. Is Apple's rushed AI launch their biggest mistake yet?

#GalaxyS25Ultra #Samsung #GalaxyAI #GeminiLiveAI #GoogleGemini #iphone17promax #appleintelligence #siri 

ğŸš€ We Are Hiring! APPLY HERE: https://techwiser.com/we-are-hiring

ğŸŒŸ Please leave a LIKE â¤ï¸ and SUBSCRIBE For More Videos Like This! ğŸŒŸ

------------------------------------------------------------------------------
 
ğŸŒŸ  Follow Us Other Social Media Platforms ğŸŒŸ 

ğŸ¦ Twitter: https://twitter.com/TechWiser
ğŸ‘©â€ğŸ‘§â€ğŸ‘¦ Facebook: https://www.facebook.com/techwiser
ğŸ“· Instagram: https://www.instagram.com/techwiser
ğŸŒ Website: http://techwiser.com
------------------------------------------------------------------------------
 
ğŸŒŸ Team TechWiser ğŸŒŸ 

ğŸ™‹ğŸ»â€â™‚ï¸ Video Producer: https://www.instagram.com/praaatiiik
ğŸ“¹ Channel Manager: https://www.instagram.com/mr_dinesh_ji
ğŸ‘¨ğŸ»â€ğŸ’» Script: https://www.instagram.com/shoubhik_sadhu/ 
ğŸ‘¨ğŸ»â€ğŸ’» Video Editor: https://www.instagram.com/y_singhal/
ğŸ‘¨ğŸ»â€ğŸ’» Video Editor: https://www.instagram.com/development_enthusiast/
ğŸ‘¨ğŸ»â€ğŸ’» Video Editor: https://www.instagram.com/sathvikpanchumarthy/
ğŸ‘¨ğŸ»â€ğŸ’» Video Editor: https://www.instagram.com/yuv.3gp/

#Tech #Smartphones #TeamTechWiser",2025-11-23T05:00:05Z,TechWiser,28,en,en-GB,https://i.ytimg.com/vi/0yjGNRXLpsw/default.jpg,https://i.ytimg.com/vi/0yjGNRXLpsw/hqdefault.jpg,PT9M,106901,4062,524,public,UCdp6GUwjKscp5ST4M4WgIpw,TechWiser,"Founded in 2012, TechWiser helps people to solve common tech-related problems in fun and simple way.

This channel contains product affiliate links from Amazon. We may receive a commission if you make a purchase after clicking on one of these links.Â 

",IN,https://yt3.ggpht.com/CqJpQN1SJM9sLiT-bXiS5NFJf-gXhy7CBX2ft-gY1lSr84BR1knBzA7MwS0wtQDwhkwMVmxgAA=s88-c-k-c0x00ffffff-no-rj,2450000,1660
kH0oranozCM,Is This Viral Air Purifier A Scam?,"I tested a viral â‚¹3000 DIY air purifier against real ones, and the results exposed a harsh truth about cutting corners with your health. ğŸ’¨ Does this Instagram hack actually work, or should you save up for the real deal? The smoke test reveals everything.

Subscribe to TechWiser for wiser shorts.",2025-11-21T10:46:32Z,TechWiser,28,en,en-GB,https://i.ytimg.com/vi/kH0oranozCM/default.jpg,https://i.ytimg.com/vi/kH0oranozCM/hqdefault.jpg,PT1M38S,537535,20487,294,public,UCdp6GUwjKscp5ST4M4WgIpw,TechWiser,"Founded in 2012, TechWiser helps people to solve common tech-related problems in fun and simple way.

This channel contains product affiliate links from Amazon. We may receive a commission if you make a purchase after clicking on one of these links.Â 

",IN,https://yt3.ggpht.com/CqJpQN1SJM9sLiT-bXiS5NFJf-gXhy7CBX2ft-gY1lSr84BR1knBzA7MwS0wtQDwhkwMVmxgAA=s88-c-k-c0x00ffffff-no-rj,2450000,1660
o2_83cKrnfg,"Forget Apple Store, World's Only Nothing Store!","I visited the World's Only Nothing Store in London and discovered 3 shocking secrets! From their design partnership with Teenage Engineering to Nothing phones being 20-50% cheaper in India than UK. Find out why Indian tech buyers are getting the better deal!

Subscribe to TechWiser for wiser shorts",2025-11-20T12:41:16Z,TechWiser,28,en,en-GB,https://i.ytimg.com/vi/o2_83cKrnfg/default.jpg,https://i.ytimg.com/vi/o2_83cKrnfg/hqdefault.jpg,PT1M42S,947012,54066,235,public,UCdp6GUwjKscp5ST4M4WgIpw,TechWiser,"Founded in 2012, TechWiser helps people to solve common tech-related problems in fun and simple way.

This channel contains product affiliate links from Amazon. We may receive a commission if you make a purchase after clicking on one of these links.Â 

",IN,https://yt3.ggpht.com/CqJpQN1SJM9sLiT-bXiS5NFJf-gXhy7CBX2ft-gY1lSr84BR1knBzA7MwS0wtQDwhkwMVmxgAA=s88-c-k-c0x00ffffff-no-rj,2450000,1660
dgAVoQakGUs,"Is This The Best Midrange Phone At 22,999?","The Lava Agni 4 at â‚¹22,999 packs flagship specs like Dimensity 8350, UFS 4.0, USB-C 3.2, and zero bloatware â€“ things even â‚¹75k phones don't offer! An Indian brand finally making waves globally with the UK launch. Is this the comeback Indian smartphones needed, or just another tall claim?

#FireForMore #AGNI4 #VayuAI #AgniGoesGlobal

Link to be used till 25th Nov 11:59 AM
https://www.amazon.in/b?node=212925427031

Link to be used post 25th Nov 12:00 PM
https://www.amazon.in/dp/B0FT3DXJM3

Chapters:
00:00 Intro & Questions
00:55 Unboxing
01:22 Build Quality: What's new?
02:40 Service & Repair Costs
03:34 Bezel & Display Quality
04:26 Performance & Benchmarks
05:41 Software
07:11 New VayuAI
08:16 Camera
08:58 Conclusion

ğŸš€ We Are Hiring! APPLY HERE: https://techwiser.com/we-are-hiring

ğŸŒŸ Please leave a LIKE â¤ï¸ and SUBSCRIBE For More Videos Like This! ğŸŒŸ

------------------------------------------------------------------------------
 
ğŸŒŸ  Follow Us Other Social Media Platforms ğŸŒŸ 

ğŸ¦ Twitter: https://twitter.com/TechWiser
ğŸ‘©â€ğŸ‘§â€ğŸ‘¦ Facebook: https://www.facebook.com/techwiser
ğŸ“· Instagram: https://www.instagram.com/techwiser
ğŸŒ Website: http://techwiser.com
------------------------------------------------------------------------------
 
ğŸŒŸ Team TechWiser ğŸŒŸ 

ğŸ™‹ğŸ»â€â™‚ï¸ Video Producer: https://www.instagram.com/praaatiiik
ğŸ“¹ Channel Manager: https://www.instagram.com/mr_dinesh_ji
ğŸ‘¨ğŸ»â€ğŸ’» Script: https://www.instagram.com/shoubhik_sadhu/ 
ğŸ‘¨ğŸ»â€ğŸ’» Video Editor: https://www.instagram.com/y_singhal/
ğŸ‘¨ğŸ»â€ğŸ’» Video Editor: https://www.instagram.com/development_enthusiast/
ğŸ‘¨ğŸ»â€ğŸ’» Video Editor: https://www.instagram.com/sathvikpanchumarthy/
ğŸ‘¨ğŸ»â€ğŸ’» Video Editor: https://www.instagram.com/yuv.3gp/

#Tech #Smartphones #TeamTechWiser",2025-11-20T07:32:01Z,TechWiser,28,en,en-GB,https://i.ytimg.com/vi/dgAVoQakGUs/default.jpg,https://i.ytimg.com/vi/dgAVoQakGUs/hqdefault.jpg,PT10M4S,114418,4633,491,public,UCdp6GUwjKscp5ST4M4WgIpw,TechWiser,"Founded in 2012, TechWiser helps people to solve common tech-related problems in fun and simple way.

This channel contains product affiliate links from Amazon. We may receive a commission if you make a purchase after clicking on one of these links.Â 

",IN,https://yt3.ggpht.com/CqJpQN1SJM9sLiT-bXiS5NFJf-gXhy7CBX2ft-gY1lSr84BR1knBzA7MwS0wtQDwhkwMVmxgAA=s88-c-k-c0x00ffffff-no-rj,2450000,1660
w69MCK8qctk,The Best Premium Smartphone Deal!,"Samsung's Galaxy S24 just got a massive price drop to â‚¹40,999, and it's outperforming even the iPhone 17 in video editing! With 120 FPS gaming, AI features ahead of 2025 flagships, and triple camera setup, this could be your best bet during Black Friday. Don't miss the S25+ and S25 Edge deals either!

This video is made in #collab with Samsung

This is the Black Friday sale on Flipkart and Cyber Monday sale on Amazon.
#SamsungBlackFridayDeals #SamsungCyberMondayDeals
#GalaxyA55
#GalaxyM17
#GalaxyS24
#GalaxyS25Plus
#GalaxyS25Edge
#GalaxyM36
#GalaxyF36
#withGalaxy",2025-11-19T14:15:29Z,TechWiser,28,en,en-GB,https://i.ytimg.com/vi/w69MCK8qctk/default.jpg,https://i.ytimg.com/vi/w69MCK8qctk/hqdefault.jpg,PT1M50S,237406,11741,192,public,UCdp6GUwjKscp5ST4M4WgIpw,TechWiser,"Founded in 2012, TechWiser helps people to solve common tech-related problems in fun and simple way.

This channel contains product affiliate links from Amazon. We may receive a commission if you make a purchase after clicking on one of these links.Â 

",IN,https://yt3.ggpht.com/CqJpQN1SJM9sLiT-bXiS5NFJf-gXhy7CBX2ft-gY1lSr84BR1knBzA7MwS0wtQDwhkwMVmxgAA=s88-c-k-c0x00ffffff-no-rj,2450000,1660
dG4PndB-LY0,The Rise of New Flagships in India!,"The flagship game in India is changing! We deep dive into the revolutionary OPPO Find X9 Pro and compact Find X9, showcasing the 200MP Hasselblad Telephoto, massive battery life, and powerful MTK D9500 performance. Is this the end of the ""legacy flagship"" era? Watch to find out!

Checkout the phone here:
https://www.flipkart.com/oppo-findx9series-coming-soon-store?ocmpid=BrandAd_OPPO_FindX9_PR_
http://amazon.in/b?node=212339144031&ref_=WLSM_OPPOFindX9_PR_

#OPPOFindX9Series #AIFlagshipCamera #OPPOColorOS16 #SmoothandSmart

Chapters:
00:00 Flagships are Changing!
00:22 Rise of OPPO
01:07 Unboxing
01:33 Design & Build Quality
02:33 Battery & Charging
03:22 Display
04:25 Software
05:59 Performance
07:15 Finally Camera!
08:44 Hasselblad Teleconverter Lens
09:40 OPPO Find X9
12:08 Conclusion

ğŸš€ We Are Hiring! APPLY HERE: https://techwiser.com/we-are-hiring

ğŸŒŸ Please leave a LIKE â¤ï¸ and SUBSCRIBE For More Videos Like This! ğŸŒŸ

------------------------------------------------------------------------------
 
ğŸŒŸ  Follow Us Other Social Media Platforms ğŸŒŸ 

ğŸ¦ Twitter: https://twitter.com/TechWiser
ğŸ‘©â€ğŸ‘§â€ğŸ‘¦ Facebook: https://www.facebook.com/techwiser
ğŸ“· Instagram: https://www.instagram.com/techwiser
ğŸŒ Website: http://techwiser.com
------------------------------------------------------------------------------
 
ğŸŒŸ Team TechWiser ğŸŒŸ 

ğŸ™‹ğŸ»â€â™‚ï¸ Video Producer: https://www.instagram.com/praaatiiik
ğŸ“¹ Channel Manager: https://www.instagram.com/mr_dinesh_ji
ğŸ‘¨ğŸ»â€ğŸ’» Script: https://www.instagram.com/shoubhik_sadhu/ 
ğŸ‘¨ğŸ»â€ğŸ’» Video Editor: https://www.instagram.com/y_singhal/
ğŸ‘¨ğŸ»â€ğŸ’» Video Editor: https://www.instagram.com/development_enthusiast/
ğŸ‘¨ğŸ»â€ğŸ’» Video Editor: https://www.instagram.com/sathvikpanchumarthy/
ğŸ‘¨ğŸ»â€ğŸ’» Video Editor: https://www.instagram.com/yuv.3gp/

#Tech #Smartphones #TeamTechWiser",2025-11-18T14:28:26Z,TechWiser,28,en,en-GB,https://i.ytimg.com/vi/dG4PndB-LY0/default.jpg,https://i.ytimg.com/vi/dG4PndB-LY0/hqdefault.jpg,PT13M18S,111970,2662,473,public,UCdp6GUwjKscp5ST4M4WgIpw,TechWiser,"Founded in 2012, TechWiser helps people to solve common tech-related problems in fun and simple way.

This channel contains product affiliate links from Amazon. We may receive a commission if you make a purchase after clicking on one of these links.Â 

",IN,https://yt3.ggpht.com/CqJpQN1SJM9sLiT-bXiS5NFJf-gXhy7CBX2ft-gY1lSr84BR1knBzA7MwS0wtQDwhkwMVmxgAA=s88-c-k-c0x00ffffff-no-rj,2450000,1660
7EQ3pwefedM,Samsung S25 Ultra vs iPhone 17 Pro Max - The Biggest Confusion! *Solved*,"The most controversial flagship battle of 2025! ğŸ”¥ iPhone 17 Pro's controversial design vs Galaxy S25 Ultra's dominance - we tested EVERYTHING from scratch-gate drama to AI wars. The results will shock you! Who actually wins when Apple's hype meets Samsung's real-world power? ğŸ˜±

#GalaxyS25Ultra #Samsung #GalaxyAI #GeminiLiveAI #GoogleGemini #iphone17promax #appleiphone #appleintelligence 

ğŸš€ We Are Hiring! APPLY HERE: https://techwiser.com/we-are-hiring

ğŸŒŸ Please leave a LIKE â¤ï¸ and SUBSCRIBE For More Videos Like This! ğŸŒŸ

------------------------------------------------------------------------------
 
ğŸŒŸ  Follow Us Other Social Media Platforms ğŸŒŸ 

ğŸ¦ Twitter: https://twitter.com/TechWiser
ğŸ‘©â€ğŸ‘§â€ğŸ‘¦ Facebook: https://www.facebook.com/techwiser
ğŸ“· Instagram: https://www.instagram.com/techwiser
ğŸŒ Website: http://techwiser.com
------------------------------------------------------------------------------
 
ğŸŒŸ Team TechWiser ğŸŒŸ 

ğŸ™‹ğŸ»â€â™‚ï¸ Video Producer: https://www.instagram.com/praaatiiik
ğŸ“¹ Channel Manager: https://www.instagram.com/mr_dinesh_ji
ğŸ‘¨ğŸ»â€ğŸ’» Script: https://www.instagram.com/shoubhik_sadhu/ 
ğŸ‘¨ğŸ»â€ğŸ’» Video Editor: https://www.instagram.com/y_singhal/
ğŸ‘¨ğŸ»â€ğŸ’» Video Editor: https://www.instagram.com/development_enthusiast/
ğŸ‘¨ğŸ»â€ğŸ’» Video Editor: https://www.instagram.com/sathvikpanchumarthy/
ğŸ‘¨ğŸ»â€ğŸ’» Video Editor: https://www.instagram.com/yuv.3gp/

#Tech #Smartphones #TeamTechWiser",2025-11-16T11:00:13Z,TechWiser,28,en,en-GB,https://i.ytimg.com/vi/7EQ3pwefedM/default.jpg,https://i.ytimg.com/vi/7EQ3pwefedM/hqdefault.jpg,PT14M12S,170838,5378,670,public,UCdp6GUwjKscp5ST4M4WgIpw,TechWiser,"Founded in 2012, TechWiser helps people to solve common tech-related problems in fun and simple way.

This channel contains product affiliate links from Amazon. We may receive a commission if you make a purchase after clicking on one of these links.Â 

",IN,https://yt3.ggpht.com/CqJpQN1SJM9sLiT-bXiS5NFJf-gXhy7CBX2ft-gY1lSr84BR1knBzA7MwS0wtQDwhkwMVmxgAA=s88-c-k-c0x00ffffff-no-rj,2450000,1660
QpgehgFIlyY,The Real Truth About New OnePlus Flagship! ft. OnePlus 15,"OnePlus 15 Review: India's first SD 8 Elite Gen 5 flagship is here! We used it for a month - testing the 7300mAh battery, 165Hz display, new OxygenOS 16, and cameras without Hasselblad. Is this the OnePlus comeback? Complete review covering performance, camera comparison with OP 13, gaming at 165 FPS, and everything you need to know!

#OnePlus15 #PowerOnLimitsOff

You can checkout OnePlus 15 here:

Amazon: https://www.amazon.in/b?ie=UTF8&ref=nlx_dp_r_B0FTRN7L8Q&node=213262784031

OnePlus: https://www.oneplus.in/oneplus-15?utm_source=pr&utm_medium=kol&utm_campaign=launch

Chapters:
00:00 Intro
01:05 What's Inside the Box
01:26 First Interesting Fact
02:33 Second Interesting Fact
03:38 Third Interesting Fact
04:47 Fourth Interesting Fact
06:15 Fifth Interesting Fact
08:05 Performance
10:50 Camera: Upgrade or Downgrade?
12:45 Conclusion

ğŸš€ We Are Hiring! APPLY HERE: https://techwiser.com/we-are-hiring

ğŸŒŸ Please leave a LIKE â¤ï¸ and SUBSCRIBE For More Videos Like This! ğŸŒŸ

------------------------------------------------------------------------------
 
ğŸŒŸ  Follow Us Other Social Media Platforms ğŸŒŸ 

ğŸ¦ Twitter: https://twitter.com/TechWiser
ğŸ‘©â€ğŸ‘§â€ğŸ‘¦ Facebook: https://www.facebook.com/techwiser
ğŸ“· Instagram: https://www.instagram.com/techwiser
ğŸŒ Website: http://techwiser.com
------------------------------------------------------------------------------
 
ğŸŒŸ Team TechWiser ğŸŒŸ 

ğŸ™‹ğŸ»â€â™‚ï¸ Video Producer: https://www.instagram.com/praaatiiik
ğŸ“¹ Channel Manager: https://www.instagram.com/mr_dinesh_ji
ğŸ‘¨ğŸ»â€ğŸ’» Script: https://www.instagram.com/shoubhik_sadhu/ 
ğŸ‘¨ğŸ»â€ğŸ’» Video Editor: https://www.instagram.com/y_singhal/
ğŸ‘¨ğŸ»â€ğŸ’» Video Editor: https://www.instagram.com/development_enthusiast/
ğŸ‘¨ğŸ»â€ğŸ’» Video Editor: https://www.instagram.com/sathvikpanchumarthy/
ğŸ‘¨ğŸ»â€ğŸ’» Video Editor: https://www.instagram.com/yuv.3gp/

#Tech #Smartphones #TeamTechWiser",2025-11-15T14:26:50Z,TechWiser,28,en,en-GB,https://i.ytimg.com/vi/QpgehgFIlyY/default.jpg,https://i.ytimg.com/vi/QpgehgFIlyY/hqdefault.jpg,PT13M47S,121456,3896,587,public,UCdp6GUwjKscp5ST4M4WgIpw,TechWiser,"Founded in 2012, TechWiser helps people to solve common tech-related problems in fun and simple way.

This channel contains product affiliate links from Amazon. We may receive a commission if you make a purchase after clicking on one of these links.Â 

",IN,https://yt3.ggpht.com/CqJpQN1SJM9sLiT-bXiS5NFJf-gXhy7CBX2ft-gY1lSr84BR1knBzA7MwS0wtQDwhkwMVmxgAA=s88-c-k-c0x00ffffff-no-rj,2450000,1660
-cO0eeK8Ra0,One Of The Rarest Ad-Free Budget Smartphone!,"Lava Agni 4 launched in London with ZERO bloatware! Dimensity 8350, glass back, 66W charging, and exclusive VayuAI features. First Indian smartphone company to launch in the UK. Can you guess the price? ğŸ”¥

#AgniGoesGlobal #LavaAgni4 #FireForMore",2025-11-14T08:30:20Z,TechWiser,28,en,en-GB,https://i.ytimg.com/vi/-cO0eeK8Ra0/default.jpg,https://i.ytimg.com/vi/-cO0eeK8Ra0/hqdefault.jpg,PT1M10S,469491,24377,508,public,UCdp6GUwjKscp5ST4M4WgIpw,TechWiser,"Founded in 2012, TechWiser helps people to solve common tech-related problems in fun and simple way.

This channel contains product affiliate links from Amazon. We may receive a commission if you make a purchase after clicking on one of these links.Â 

",IN,https://yt3.ggpht.com/CqJpQN1SJM9sLiT-bXiS5NFJf-gXhy7CBX2ft-gY1lSr84BR1knBzA7MwS0wtQDwhkwMVmxgAA=s88-c-k-c0x00ffffff-no-rj,2450000,1660
lVemVgmjmp8,Do Not Buy An Air Purifier Without Watching This Video!,"ğŸš¨ Air purifiers DON'T work in Delhi pollution... unless you know these 4 critical mistakes everyone makes! We exposed the truth about CADR ratings, room sizes, and why your â‚¹30k purifier might be useless. 60 seconds that could save your lungs (and money)! ğŸ’¨

#delhipollution #airpurifiers",2025-11-12T10:30:39Z,TechWiser,28,en,en-GB,https://i.ytimg.com/vi/lVemVgmjmp8/default.jpg,https://i.ytimg.com/vi/lVemVgmjmp8/hqdefault.jpg,PT1M22S,390943,16081,191,public,UCdp6GUwjKscp5ST4M4WgIpw,TechWiser,"Founded in 2012, TechWiser helps people to solve common tech-related problems in fun and simple way.

This channel contains product affiliate links from Amazon. We may receive a commission if you make a purchase after clicking on one of these links.Â 

",IN,https://yt3.ggpht.com/CqJpQN1SJM9sLiT-bXiS5NFJf-gXhy7CBX2ft-gY1lSr84BR1knBzA7MwS0wtQDwhkwMVmxgAA=s88-c-k-c0x00ffffff-no-rj,2450000,1660
WX5lzPMqO8k,The Best Gaming Laptops for 2025! ft. HP Victus 2025,"HP's latest gaming laptops pack Nvidia's RTX 50-series GPUs with game-changing DLSS 4.0 that can QUADRUPLE your FPS! ğŸ® We tested the budget Victus vs premium Omen to answer the ultimate question: how much should you ACTUALLY spend on a gaming laptop? The FPS results will blow your mind! ğŸš€

This video is made in #collab with HP and Nvidia

Chapters:
00:00 Intro
00:55 Major Question
01:08 Unboxing
01:29 First Major Pro
02:27 Second Pro
02:32 Third Pro: Performance
04:87 Gaming Features
06:54 Slight Con
08:07 Conclusion

ğŸš€ We Are Hiring! APPLY HERE: https://techwiser.com/we-are-hiring

ğŸŒŸ Please leave a LIKE â¤ï¸ and SUBSCRIBE For More Videos Like This! ğŸŒŸ

------------------------------------------------------------------------------
 
ğŸŒŸ  Follow Us Other Social Media Platforms ğŸŒŸ 

ğŸ¦ Twitter: https://twitter.com/TechWiser
ğŸ‘©â€ğŸ‘§â€ğŸ‘¦ Facebook: https://www.facebook.com/techwiser
ğŸ“· Instagram: https://www.instagram.com/techwiser
ğŸŒ Website: http://techwiser.com
------------------------------------------------------------------------------
 
ğŸŒŸ Team TechWiser ğŸŒŸ 

ğŸ™‹ğŸ»â€â™‚ï¸ Video Producer: https://www.instagram.com/praaatiiik
ğŸ“¹ Channel Manager: https://www.instagram.com/mr_dinesh_ji
ğŸ‘¨ğŸ»â€ğŸ’» Script: https://www.instagram.com/shoubhik_sadhu/ 
ğŸ‘¨ğŸ»â€ğŸ’» Video Editor: https://www.instagram.com/y_singhal/
ğŸ‘¨ğŸ»â€ğŸ’» Video Editor: https://www.instagram.com/development_enthusiast/
ğŸ‘¨ğŸ»â€ğŸ’» Video Editor: https://www.instagram.com/sathvikpanchumarthy/
ğŸ‘¨ğŸ»â€ğŸ’» Video Editor: https://www.instagram.com/yuv.3gp/

#Tech #Smartphones #TeamTechWiser",2025-11-08T16:13:56Z,TechWiser,28,en,en-GB,https://i.ytimg.com/vi/WX5lzPMqO8k/default.jpg,https://i.ytimg.com/vi/WX5lzPMqO8k/hqdefault.jpg,PT9M1S,183021,2395,245,public,UCdp6GUwjKscp5ST4M4WgIpw,TechWiser,"Founded in 2012, TechWiser helps people to solve common tech-related problems in fun and simple way.

This channel contains product affiliate links from Amazon. We may receive a commission if you make a purchase after clicking on one of these links.Â 

",IN,https://yt3.ggpht.com/CqJpQN1SJM9sLiT-bXiS5NFJf-gXhy7CBX2ft-gY1lSr84BR1knBzA7MwS0wtQDwhkwMVmxgAA=s88-c-k-c0x00ffffff-no-rj,2450000,1660
XY2rnFe9Wp8,3 Things Indian Cities Should Learn!,"A â‚¹50 lakh permit just to own a car, yet their AQI is 50 while Delhi chokes at 500! :scream: From building land out of the ocean to AI robots patrolling streets at night - Singapore's solutions could transform India's biggest problems.",2025-11-08T11:35:11Z,,28,en,en-GB,https://i.ytimg.com/vi/XY2rnFe9Wp8/default.jpg,https://i.ytimg.com/vi/XY2rnFe9Wp8/hqdefault.jpg,PT1M21S,839182,44130,739,public,UCdp6GUwjKscp5ST4M4WgIpw,TechWiser,"Founded in 2012, TechWiser helps people to solve common tech-related problems in fun and simple way.

This channel contains product affiliate links from Amazon. We may receive a commission if you make a purchase after clicking on one of these links.Â 

",IN,https://yt3.ggpht.com/CqJpQN1SJM9sLiT-bXiS5NFJf-gXhy7CBX2ft-gY1lSr84BR1knBzA7MwS0wtQDwhkwMVmxgAA=s88-c-k-c0x00ffffff-no-rj,2450000,1660
jHo8Mmrk-f0,We Got The Most Popular Headphone From Amazon!,"I bought Amazon's most popular headphones for â‚¹3,500 â€” and they're hiding 5 killer features that premium brands don't want you to know about. From 60-hour battery life to dual-device switching, are these the best budget over-ear headphones money can buy, or just clever marketing? Watch to find out if they're actually worth the hype! ğŸ§

You can get the link at techwiser.store",2025-11-06T11:01:23Z,TechWiser,28,en,en-GB,https://i.ytimg.com/vi/jHo8Mmrk-f0/default.jpg,https://i.ytimg.com/vi/jHo8Mmrk-f0/hqdefault.jpg,PT1M19S,380403,16741,155,public,UCdp6GUwjKscp5ST4M4WgIpw,TechWiser,"Founded in 2012, TechWiser helps people to solve common tech-related problems in fun and simple way.

This channel contains product affiliate links from Amazon. We may receive a commission if you make a purchase after clicking on one of these links.Â 

",IN,https://yt3.ggpht.com/CqJpQN1SJM9sLiT-bXiS5NFJf-gXhy7CBX2ft-gY1lSr84BR1knBzA7MwS0wtQDwhkwMVmxgAA=s88-c-k-c0x00ffffff-no-rj,2450000,1660
rRbqOK19cM0,The Rise & Fall of OLA Electric!,"India's most hyped EV startup promised to be the Tesla of India, but what happened next shocked everyone. From dominating the market with 45% share to burning scooters, service nightmares, and a stock crashâ€”this is the untold story of Ola Electric's dramatic downfall. Was it ambition that killed the dream, or did speed outrun execution?

ğŸš€ We Are Hiring! APPLY HERE: https://techwiser.com/we-are-hiring

ğŸŒŸ Please leave a LIKE â¤ï¸ and SUBSCRIBE For More Videos Like This! ğŸŒŸ

------------------------------------------------------------------------------
 
ğŸŒŸ  Follow Us Other Social Media Platforms ğŸŒŸ 

ğŸ¦ Twitter: https://twitter.com/TechWiser
ğŸ‘©â€ğŸ‘§â€ğŸ‘¦ Facebook: https://www.facebook.com/techwiser
ğŸ“· Instagram: https://www.instagram.com/techwiser
ğŸŒ Website: http://techwiser.com
------------------------------------------------------------------------------
 
ğŸŒŸ Team TechWiser ğŸŒŸ 

ğŸ™‹ğŸ»â€â™‚ï¸ Video Producer: https://www.instagram.com/praaatiiik
ğŸ“¹ Channel Manager: https://www.instagram.com/mr_dinesh_ji
ğŸ‘¨ğŸ»â€ğŸ’» Script: https://www.instagram.com/shoubhik_sadhu/ 
ğŸ‘¨ğŸ»â€ğŸ’» Video Editor: https://www.instagram.com/y_singhal/
ğŸ‘¨ğŸ»â€ğŸ’» Video Editor: https://www.instagram.com/development_enthusiast/
ğŸ‘¨ğŸ»â€ğŸ’» Video Editor: https://www.instagram.com/sathvikpanchumarthy/
ğŸ‘¨ğŸ»â€ğŸ’» Video Editor: https://www.instagram.com/yuv.3gp/

#Tech #Smartphones #TeamTechWiser",2025-11-05T11:01:45Z,TechWiser,28,en,en-GB,https://i.ytimg.com/vi/rRbqOK19cM0/default.jpg,https://i.ytimg.com/vi/rRbqOK19cM0/hqdefault.jpg,PT12M9S,613171,21300,1619,public,UCdp6GUwjKscp5ST4M4WgIpw,TechWiser,"Founded in 2012, TechWiser helps people to solve common tech-related problems in fun and simple way.

This channel contains product affiliate links from Amazon. We may receive a commission if you make a purchase after clicking on one of these links.Â 

",IN,https://yt3.ggpht.com/CqJpQN1SJM9sLiT-bXiS5NFJf-gXhy7CBX2ft-gY1lSr84BR1knBzA7MwS0wtQDwhkwMVmxgAA=s88-c-k-c0x00ffffff-no-rj,2450000,1660
IboWCOHA_H0,[Exclusive] New Flagships Are Here In India!,"OnePlus just challenged iPhone and Samsung at their own game! ğŸ”¥ We got exclusive hands-on with the OnePlus 15 and its game-changing Gaming Core in Singapore â€“ 165fps BGMI, native 120fps Genshin, and bold claims that'll shake the flagship market. India launch on Nov 13th, and you DO NOT want to miss this! ğŸš€

#ShotOnOnePlus #OnePlusOverpower #OPGamingCore",2025-11-04T04:30:12Z,TechWiser,28,en,en-GB,https://i.ytimg.com/vi/IboWCOHA_H0/default.jpg,https://i.ytimg.com/vi/IboWCOHA_H0/hqdefault.jpg,PT1M27S,392092,20311,235,public,UCdp6GUwjKscp5ST4M4WgIpw,TechWiser,"Founded in 2012, TechWiser helps people to solve common tech-related problems in fun and simple way.

This channel contains product affiliate links from Amazon. We may receive a commission if you make a purchase after clicking on one of these links.Â 

",IN,https://yt3.ggpht.com/CqJpQN1SJM9sLiT-bXiS5NFJf-gXhy7CBX2ft-gY1lSr84BR1knBzA7MwS0wtQDwhkwMVmxgAA=s88-c-k-c0x00ffffff-no-rj,2450000,1660
LNSd4ob-rXI,The Most Underrated Flagship That India Missed! *Not iPhone*,"The flagship game just changed forever. We got our hands on the OPPO Find X8 Ultraâ€”the phone that NEVER came to India but destroys Apple & Samsung in cameras, battery, and build. Plus, EXCLUSIVE first look at the Find X9 series with a 200MP camera and 7,500mAh battery! ğŸ”¥ Is this the end of the old guard?

 #OPPOFindX8Ultra #OPPOFindX9Series

ğŸš€ We Are Hiring! APPLY HERE: https://techwiser.com/we-are-hiring

ğŸŒŸ Please leave a LIKE â¤ï¸ and SUBSCRIBE For More Videos Like This! ğŸŒŸ

------------------------------------------------------------------------------
 
ğŸŒŸ  Follow Us Other Social Media Platforms ğŸŒŸ 

ğŸ¦ Twitter: https://twitter.com/TechWiser
ğŸ‘©â€ğŸ‘§â€ğŸ‘¦ Facebook: https://www.facebook.com/techwiser
ğŸ“· Instagram: https://www.instagram.com/techwiser
ğŸŒ Website: http://techwiser.com
------------------------------------------------------------------------------
 
ğŸŒŸ Team TechWiser ğŸŒŸ 

ğŸ™‹ğŸ»â€â™‚ï¸ Video Producer: https://www.instagram.com/praaatiiik
ğŸ“¹ Channel Manager: https://www.instagram.com/mr_dinesh_ji
ğŸ‘¨ğŸ»â€ğŸ’» Script: https://www.instagram.com/shoubhik_sadhu/ 
ğŸ‘¨ğŸ»â€ğŸ’» Video Editor: https://www.instagram.com/y_singhal/
ğŸ‘¨ğŸ»â€ğŸ’» Video Editor: https://www.instagram.com/development_enthusiast/
ğŸ‘¨ğŸ»â€ğŸ’» Video Editor: https://www.instagram.com/sathvikpanchumarthy/
ğŸ‘¨ğŸ»â€ğŸ’» Video Editor: https://www.instagram.com/yuv.3gp/

#Tech #Smartphones #TeamTechWiser",2025-11-01T14:48:51Z,TechWiser,28,en,en-GB,https://i.ytimg.com/vi/LNSd4ob-rXI/default.jpg,https://i.ytimg.com/vi/LNSd4ob-rXI/hqdefault.jpg,PT11M18S,159565,4255,379,public,UCdp6GUwjKscp5ST4M4WgIpw,TechWiser,"Founded in 2012, TechWiser helps people to solve common tech-related problems in fun and simple way.

This channel contains product affiliate links from Amazon. We may receive a commission if you make a purchase after clicking on one of these links.Â 

",IN,https://yt3.ggpht.com/CqJpQN1SJM9sLiT-bXiS5NFJf-gXhy7CBX2ft-gY1lSr84BR1knBzA7MwS0wtQDwhkwMVmxgAA=s88-c-k-c0x00ffffff-no-rj,2450000,1660
FThEe_Z6qCw,"2,000 vs 40,000 Air Purifier! *Delhi Pollution*","We tested air purifiers from â‚¹2,000 to â‚¹40,000 in a smoke-filled chamber to find the REAL winner. The results? Shocking! ğŸ˜± The most expensive isn't always the best, and some budget options are straight-up duds. Find out which one YOU should buy! ğŸ’¨

Recommended Air Purifiers:
1. Qubo Q200 Air Purifier - https://amzn.to/44fptfJ
2. Coway airmega Aim Purifier  - https://amzn.to/4r851HM3 
3. Xiaomi  Air Purifier 4 - https://amzn.to/4r0oJoA
4. DYSON HP10 - https://amzn.to/3JFsWxj",2025-10-31T11:30:14Z,TechWiser,28,en,en-GB,https://i.ytimg.com/vi/FThEe_Z6qCw/default.jpg,https://i.ytimg.com/vi/FThEe_Z6qCw/hqdefault.jpg,PT1M59S,1489924,47400,778,public,UCdp6GUwjKscp5ST4M4WgIpw,TechWiser,"Founded in 2012, TechWiser helps people to solve common tech-related problems in fun and simple way.

This channel contains product affiliate links from Amazon. We may receive a commission if you make a purchase after clicking on one of these links.Â 

",IN,https://yt3.ggpht.com/CqJpQN1SJM9sLiT-bXiS5NFJf-gXhy7CBX2ft-gY1lSr84BR1knBzA7MwS0wtQDwhkwMVmxgAA=s88-c-k-c0x00ffffff-no-rj,2450000,1660
UYhw39UYmoM,"OnePlus Product Strategy Director on OnePlus has Changed, OnePlus15 exclusive, iPhone Air *Podcast*","We went behind the scenes with OnePlus Indiaâ€™s Product Strategy Director to explore the changing smartphone market, exclusive insights on new products and camera innovations, and the story behind dropping the Hasselblad partnership. Get honest takes on gaming trends, iPhone Air, and the future of tech in Indiaâ€”all in one candid podcast conversation.

Chapters:
00:00 Upcoming Talks
00:29 Guest Introduction
01:30 Journey & Role at OnePlus
03:00 Smartphone Culture in India vs US vs China
11:30 How OnePlus Has Changed
18:30 The end of OnePlus X Hasselblad
22:00 OnePlus 15 Camera Details
25:30 Slimmer vs Compact Phones
29:00 Rapid Fire
32:00 Final Thoughts & Wrap Up

ğŸš€ We Are Hiring! APPLY HERE: https://techwiser.com/we-are-hiring

ğŸŒŸ Please leave a LIKE â¤ï¸ and SUBSCRIBE For More Videos Like This! ğŸŒŸ

------------------------------------------------------------------------------
 
ğŸŒŸ  Follow Us Other Social Media Platforms ğŸŒŸ 

ğŸ¦ Twitter: https://twitter.com/TechWiser
ğŸ‘©â€ğŸ‘§â€ğŸ‘¦ Facebook: https://www.facebook.com/techwiser
ğŸ“· Instagram: https://www.instagram.com/techwiser
ğŸŒ Website: http://techwiser.com
------------------------------------------------------------------------------
 
ğŸŒŸ Team TechWiser ğŸŒŸ 

ğŸ™‹ğŸ»â€â™‚ï¸ Video Producer: https://www.instagram.com/praaatiiik
ğŸ“¹ Channel Manager: https://www.instagram.com/mr_dinesh_ji
ğŸ‘¨ğŸ»â€ğŸ’» Script: https://www.instagram.com/shoubhik_sadhu/ 
ğŸ‘¨ğŸ»â€ğŸ’» Video Editor: https://www.instagram.com/y_singhal/
ğŸ‘¨ğŸ»â€ğŸ’» Video Editor: https://www.instagram.com/development_enthusiast/
ğŸ‘¨ğŸ»â€ğŸ’» Video Editor: https://www.instagram.com/sathvikpanchumarthy/
ğŸ‘¨ğŸ»â€ğŸ’» Video Editor: https://www.instagram.com/yuv.3gp/

#Tech #Smartphones #TeamTechWiser",2025-10-31T07:24:41Z,TechWiser,28,en-IN,en-IN,https://i.ytimg.com/vi/UYhw39UYmoM/default.jpg,https://i.ytimg.com/vi/UYhw39UYmoM/hqdefault.jpg,PT34M14S,61079,1962,245,public,UCdp6GUwjKscp5ST4M4WgIpw,TechWiser,"Founded in 2012, TechWiser helps people to solve common tech-related problems in fun and simple way.

This channel contains product affiliate links from Amazon. We may receive a commission if you make a purchase after clicking on one of these links.Â 

",IN,https://yt3.ggpht.com/CqJpQN1SJM9sLiT-bXiS5NFJf-gXhy7CBX2ft-gY1lSr84BR1knBzA7MwS0wtQDwhkwMVmxgAA=s88-c-k-c0x00ffffff-no-rj,2450000,1660
AbH-V7mW4n0,Do Not Buy Motorola & Nothing Phones Before Watching This Video!,"The ""clean Android"" dream is dead. ğŸª¦ Motorola and Nothing just betrayed users by sneaking ads and bloatware through software updatesâ€”even on flagship phones! We expose why brands are turning your phone into a digital billboard and reveal the only escape route left.

ğŸš€ We Are Hiring! APPLY HERE: https://techwiser.com/we-are-hiring

Chapters:
00:00 Ads Sneak Into Clean Android
01:30 Motorolaâ€™s Hello UI Update & Bloatware
03:17 NothingOS 4 Beta
04:51 Why Brands Add Bloatware: The Business Side
07:54 The Problem: Trust

ğŸŒŸ Please leave a LIKE â¤ï¸ and SUBSCRIBE For More Videos Like This! ğŸŒŸ

------------------------------------------------------------------------------
 
ğŸŒŸ  Follow Us Other Social Media Platforms ğŸŒŸ 

ğŸ¦ Twitter: https://twitter.com/TechWiser
ğŸ‘©â€ğŸ‘§â€ğŸ‘¦ Facebook: https://www.facebook.com/techwiser
ğŸ“· Instagram: https://www.instagram.com/techwiser
ğŸŒ Website: http://techwiser.com
------------------------------------------------------------------------------
 
ğŸŒŸ Team TechWiser ğŸŒŸ 

ğŸ™‹ğŸ»â€â™‚ï¸ Video Producer: https://www.instagram.com/praaatiiik
ğŸ“¹ Channel Manager: https://www.instagram.com/mr_dinesh_ji
ğŸ‘¨ğŸ»â€ğŸ’» Script: https://www.instagram.com/shoubhik_sadhu/ 
ğŸ‘¨ğŸ»â€ğŸ’» Video Editor: https://www.instagram.com/y_singhal/
ğŸ‘¨ğŸ»â€ğŸ’» Video Editor: https://www.instagram.com/development_enthusiast/
ğŸ‘¨ğŸ»â€ğŸ’» Video Editor: https://www.instagram.com/sathvikpanchumarthy/
ğŸ‘¨ğŸ»â€ğŸ’» Video Editor: https://www.instagram.com/yuv.3gp/

#Tech #Smartphones #TeamTechWiser",2025-10-29T14:30:16Z,TechWiser,28,en,en-GB,https://i.ytimg.com/vi/AbH-V7mW4n0/default.jpg,https://i.ytimg.com/vi/AbH-V7mW4n0/hqdefault.jpg,PT8M22S,367909,10621,1150,public,UCdp6GUwjKscp5ST4M4WgIpw,TechWiser,"Founded in 2012, TechWiser helps people to solve common tech-related problems in fun and simple way.

This channel contains product affiliate links from Amazon. We may receive a commission if you make a purchase after clicking on one of these links.Â 

",IN,https://yt3.ggpht.com/CqJpQN1SJM9sLiT-bXiS5NFJf-gXhy7CBX2ft-gY1lSr84BR1knBzA7MwS0wtQDwhkwMVmxgAA=s88-c-k-c0x00ffffff-no-rj,2450000,1660
-vfw1ZJINQ8,Stop Paying For ChatGPT In India!,"OpenAI just dropped a game-changer for India â€“ ChatGPT Go is FREE for a year! ğŸ”¥ Get 10x more features than the basic version, but there's a catch... it's only available from Nov 4th for a limited time. Don't miss out on this exclusive deal!",2025-10-29T13:28:03Z,TechWiser,28,en,en-GB,https://i.ytimg.com/vi/-vfw1ZJINQ8/default.jpg,https://i.ytimg.com/vi/-vfw1ZJINQ8/hqdefault.jpg,PT39S,636797,25773,184,public,UCdp6GUwjKscp5ST4M4WgIpw,TechWiser,"Founded in 2012, TechWiser helps people to solve common tech-related problems in fun and simple way.

This channel contains product affiliate links from Amazon. We may receive a commission if you make a purchase after clicking on one of these links.Â 

",IN,https://yt3.ggpht.com/CqJpQN1SJM9sLiT-bXiS5NFJf-gXhy7CBX2ft-gY1lSr84BR1knBzA7MwS0wtQDwhkwMVmxgAA=s88-c-k-c0x00ffffff-no-rj,2450000,1660
_PJV3TpPvu8,The Darkest Update For Nothing Phones!,"Nothing Phone users, this is URGENT! ğŸš¨ A new beta update brings ""Lock Glimpse"" â€“ but it's not what you think. We dug through the terms and discovered it's actually an ad platform from Hong Kong. Is Nothing abandoning its clean Android promise? Your phone might never be the same. ğŸ˜±",2025-10-27T12:12:53Z,TechWiser,28,en,en-GB,https://i.ytimg.com/vi/_PJV3TpPvu8/default.jpg,https://i.ytimg.com/vi/_PJV3TpPvu8/hqdefault.jpg,PT1M13S,562007,25277,518,public,UCdp6GUwjKscp5ST4M4WgIpw,TechWiser,"Founded in 2012, TechWiser helps people to solve common tech-related problems in fun and simple way.

This channel contains product affiliate links from Amazon. We may receive a commission if you make a purchase after clicking on one of these links.Â 

",IN,https://yt3.ggpht.com/CqJpQN1SJM9sLiT-bXiS5NFJf-gXhy7CBX2ft-gY1lSr84BR1knBzA7MwS0wtQDwhkwMVmxgAA=s88-c-k-c0x00ffffff-no-rj,2450000,1660
1TlypClDbqQ,The Best Phone In Offline Market!,"Everyone's pushing vivo phones offline this Diwali... but wait until you see what we found! ğŸ¤¯ Same price, better specs, and a shocking winner in our head-to-head battle. Which mystery phone is crushing the competition in offline stores? Watch till the end - you won't believe what's hiding in plain sight!

#GalaxyA36 #AwesomeLime #AwesomeIntelligence #TripleZeroDeal #awesomeisforeveryone 

This videos is made in #Collab with Samsung India.",2025-10-26T11:00:05Z,TechWiser,28,en,en-GB,https://i.ytimg.com/vi/1TlypClDbqQ/default.jpg,https://i.ytimg.com/vi/1TlypClDbqQ/hqdefault.jpg,PT1M48S,281486,13204,266,public,UCdp6GUwjKscp5ST4M4WgIpw,TechWiser,"Founded in 2012, TechWiser helps people to solve common tech-related problems in fun and simple way.

This channel contains product affiliate links from Amazon. We may receive a commission if you make a purchase after clicking on one of these links.Â 

",IN,https://yt3.ggpht.com/CqJpQN1SJM9sLiT-bXiS5NFJf-gXhy7CBX2ft-gY1lSr84BR1knBzA7MwS0wtQDwhkwMVmxgAA=s88-c-k-c0x00ffffff-no-rj,2450000,1660
OcsFaM1wF3A,OnePlus's New OxygenOS 16 Update: Not iOS Copy!,"OnePlus just dropped OxygenOS 16 and it's giving iOS 26 serious competition! ğŸ”¥ From AI-powered MindSpace that remembers everything to Fluid Cloud animations that rival Dynamic Island, this update might just be OnePlus's biggest comeback yet. We tested all 9 game-changing features to see if Android finally beat Apple at its own game! ğŸš€

#OxygenOS16 #OnePlus #IntelligentlyYours

ğŸš€ We Are Hiring! APPLY HERE: https://techwiser.com/we-are-hiring

ğŸŒŸ Please leave a LIKE â¤ï¸ and SUBSCRIBE For More Videos Like This! ğŸŒŸ

------------------------------------------------------------------------------
 
ğŸŒŸ  Follow Us Other Social Media Platforms ğŸŒŸ 

ğŸ¦ Twitter: https://twitter.com/TechWiser
ğŸ‘©â€ğŸ‘§â€ğŸ‘¦ Facebook: https://www.facebook.com/techwiser
ğŸ“· Instagram: https://www.instagram.com/techwiser
ğŸŒ Website: http://techwiser.com
------------------------------------------------------------------------------
 
ğŸŒŸ Team TechWiser ğŸŒŸ 

ğŸ™‹ğŸ»â€â™‚ï¸ Video Producer: https://www.instagram.com/praaatiiik
ğŸ“¹ Channel Manager: https://www.instagram.com/mr_dinesh_ji
ğŸ‘¨ğŸ»â€ğŸ’» Script: https://www.instagram.com/shoubhik_sadhu/ 
ğŸ‘¨ğŸ»â€ğŸ’» Video Editor: https://www.instagram.com/y_singhal/
ğŸ‘¨ğŸ»â€ğŸ’» Video Editor: https://www.instagram.com/development_enthusiast/
ğŸ‘¨ğŸ»â€ğŸ’» Video Editor: https://www.instagram.com/sathvikpanchumarthy/
ğŸ‘¨ğŸ»â€ğŸ’» Video Editor: https://www.instagram.com/yuv.3gp/

#Tech #Smartphones #TeamTechWiser",2025-10-25T13:00:47Z,TechWiser,28,en,en-GB,https://i.ytimg.com/vi/OcsFaM1wF3A/default.jpg,https://i.ytimg.com/vi/OcsFaM1wF3A/hqdefault.jpg,PT10M37S,169920,5768,508,public,UCdp6GUwjKscp5ST4M4WgIpw,TechWiser,"Founded in 2012, TechWiser helps people to solve common tech-related problems in fun and simple way.

This channel contains product affiliate links from Amazon. We may receive a commission if you make a purchase after clicking on one of these links.Â 

",IN,https://yt3.ggpht.com/CqJpQN1SJM9sLiT-bXiS5NFJf-gXhy7CBX2ft-gY1lSr84BR1knBzA7MwS0wtQDwhkwMVmxgAA=s88-c-k-c0x00ffffff-no-rj,2450000,1660
zZFvvqWXBVg,This Online Shopping Law Can Save Money!,"Stop getting ripped off! ğŸš¨ Hidden fees on Flipkart, Amazon, Zomato & Zepto are draining your wallet, but India's new Dark Pattern Guidelines can help you fight back. Learn how ""drip pricing"" is legally robbing you and how to file complaints to get total transparency. ğŸ’°",2025-10-25T11:01:58Z,TechWiser,28,en,en-GB,https://i.ytimg.com/vi/zZFvvqWXBVg/default.jpg,https://i.ytimg.com/vi/zZFvvqWXBVg/hqdefault.jpg,PT1M33S,408782,23174,347,public,UCdp6GUwjKscp5ST4M4WgIpw,TechWiser,"Founded in 2012, TechWiser helps people to solve common tech-related problems in fun and simple way.

This channel contains product affiliate links from Amazon. We may receive a commission if you make a purchase after clicking on one of these links.Â 

",IN,https://yt3.ggpht.com/CqJpQN1SJM9sLiT-bXiS5NFJf-gXhy7CBX2ft-gY1lSr84BR1knBzA7MwS0wtQDwhkwMVmxgAA=s88-c-k-c0x00ffffff-no-rj,2450000,1660
bU5RFZXlCoI,Do Not Buy Smartphones Right Now! *Upcoming Smartphones*,"ğŸš¨ STOP! Don't buy a smartphone right now! We're revealing why this is the WORST time to purchase, plus exclusive leaks on 10+ flagship launches coming in Nov-Dec that will change everything. From the shocking iPhone Fold to camera beasts like vivo X300 and the budget killer Nothing Phone 3A Lite â€“ this is the only tech news you need before making your next smartphone decision! ğŸ“±âš¡

Chapters:
00:00 Intro
00:47 The Death of Slim Phones
01:26 Upcoming Samsung Galaxy S26 Series
02:06 iPhone Fold Rumors & Specs
03:11 Xiaomi 17 Series India Launch Plans
04:30 OnePlus 15 and 15R Major Changes
05:59 iQOO 15: Design, Specs & Launch Timing
06:48 Snapdragon vs Dimensity Chipset Prices
07:28 Vivo X300 Series: Camera Revolution
08:27 Realme GT8 Pro: Ricoh Camera Collaboration
09:22 Redmi K90 Series Comeback
10:25 Nothing Phone 3A Lite: Budget Debut
11:30 Closing Advice

ğŸš€ We Are Hiring! APPLY HERE: https://techwiser.com/we-are-hiring

ğŸŒŸ Please leave a LIKE â¤ï¸ and SUBSCRIBE For More Videos Like This! ğŸŒŸ

------------------------------------------------------------------------------
 
ğŸŒŸ  Follow Us Other Social Media Platforms ğŸŒŸ 

ğŸ¦ Twitter: https://twitter.com/TechWiser
ğŸ‘©â€ğŸ‘§â€ğŸ‘¦ Facebook: https://www.facebook.com/techwiser
ğŸ“· Instagram: https://www.instagram.com/techwiser
ğŸŒ Website: http://techwiser.com
------------------------------------------------------------------------------
 
ğŸŒŸ Team TechWiser ğŸŒŸ 

ğŸ™‹ğŸ»â€â™‚ï¸ Video Producer: https://www.instagram.com/praaatiiik
ğŸ“¹ Channel Manager: https://www.instagram.com/mr_dinesh_ji
ğŸ‘¨ğŸ»â€ğŸ’» Script: https://www.instagram.com/shoubhik_sadhu/ 
ğŸ‘¨ğŸ»â€ğŸ’» Video Editor: https://www.instagram.com/y_singhal/
ğŸ‘¨ğŸ»â€ğŸ’» Video Editor: https://www.instagram.com/development_enthusiast/
ğŸ‘¨ğŸ»â€ğŸ’» Video Editor: https://www.instagram.com/sathvikpanchumarthy/
ğŸ‘¨ğŸ»â€ğŸ’» Video Editor: https://www.instagram.com/yuv.3gp/

#Tech #Smartphones #TeamTechWiser",2025-10-23T14:17:55Z,TechWiser,28,en,en-GB,https://i.ytimg.com/vi/bU5RFZXlCoI/default.jpg,https://i.ytimg.com/vi/bU5RFZXlCoI/hqdefault.jpg,PT12M,250014,5901,541,public,UCdp6GUwjKscp5ST4M4WgIpw,TechWiser,"Founded in 2012, TechWiser helps people to solve common tech-related problems in fun and simple way.

This channel contains product affiliate links from Amazon. We may receive a commission if you make a purchase after clicking on one of these links.Â 

",IN,https://yt3.ggpht.com/CqJpQN1SJM9sLiT-bXiS5NFJf-gXhy7CBX2ft-gY1lSr84BR1knBzA7MwS0wtQDwhkwMVmxgAA=s88-c-k-c0x00ffffff-no-rj,2450000,1660
A6uoiaIHSj4,It's 2025! Stop Using Google Chrome....,"Google Chrome is DEAD? ğŸ’€ ChatGPT just dropped Atlas â€” a browser that answers questions instantly, remembers EVERYTHING, and can literally do your job for you. This isn't just browsing anymore, it's AI on steroids, and Chrome is already looking prehistoric. ğŸ”¥

You can checkout Atlas from here - https://chatgpt.com/atlas/
Comet by Perplexity - https://www.perplexity.ai/comet

#chatgpt #atlas #comet #perplexityai",2025-10-23T11:00:17Z,TechWiser,28,en,en-GB,https://i.ytimg.com/vi/A6uoiaIHSj4/default.jpg,https://i.ytimg.com/vi/A6uoiaIHSj4/hqdefault.jpg,PT1M32S,712784,31518,795,public,UCdp6GUwjKscp5ST4M4WgIpw,TechWiser,"Founded in 2012, TechWiser helps people to solve common tech-related problems in fun and simple way.

This channel contains product affiliate links from Amazon. We may receive a commission if you make a purchase after clicking on one of these links.Â 

",IN,https://yt3.ggpht.com/CqJpQN1SJM9sLiT-bXiS5NFJf-gXhy7CBX2ft-gY1lSr84BR1knBzA7MwS0wtQDwhkwMVmxgAA=s88-c-k-c0x00ffffff-no-rj,2450000,1660
5GwdXOPTmzo,"Forget Flagships, Better Budget Smartphone Deals!","The sale is live, but flagships are still expensive! ğŸ’¸ We tested 6 phones under â‚¹20k for weeks and found some INSANE deals - wireless charging at 16k, 7000mAh battery phones, and even a phone thinner than the iPhone Air! Which one matches YOUR needs? Watch to find out! ğŸ”¥

Links for the phones covered:
K13 turbo - https://amzn.to/42UZ5Hr
Nothing phone 3 A - https://amzn.to/43nCR0W
Tecno Pova 7 Pro - https://www.flipkart.com/tecno-pova-7-pro-5g-dynamic-grey-128-gb/p/itm0445d5aa95ced?p[â€¦]arketplace=FLIPKART&sattr[]=color&sattr[]=storage&st=storage
Tecno Pova Slim 5G - https://amzn.to/4hGUijf
Galaxy M56 - https://amzn.to/4nZRmQP (edited) 

Chapters:
00:00 Intro
01:06 Best Gaming Smartphone
03:30 Best Smartphone for Software Experience
05:08 An Affordable Alternative for Nothing
06:51 Most Unique Looking Budget Smartphone
08:40 Best Samsung smartphone in Budget
10:35 Conclusion

#oppobigbilliondays #realmep3ultra #TECNOTyohaar #TECNOMobile #POVA #nothingphone3a #samsung 

ğŸš€ We Are Hiring! APPLY HERE: https://techwiser.com/we-are-hiring

ğŸŒŸ Please leave a LIKE â¤ï¸ and SUBSCRIBE For More Videos Like This! ğŸŒŸ

------------------------------------------------------------------------------
 
ğŸŒŸ  Follow Us Other Social Media Platforms ğŸŒŸ 

ğŸ¦ Twitter: https://twitter.com/TechWiser
ğŸ‘©â€ğŸ‘§â€ğŸ‘¦ Facebook: https://www.facebook.com/techwiser
ğŸ“· Instagram: https://www.instagram.com/techwiser
ğŸŒ Website: http://techwiser.com
------------------------------------------------------------------------------
 
ğŸŒŸ Team TechWiser ğŸŒŸ 

ğŸ™‹ğŸ»â€â™‚ï¸ Video Producer: https://www.instagram.com/praaatiiik
ğŸ“¹ Channel Manager: https://www.instagram.com/mr_dinesh_ji
ğŸ‘¨ğŸ»â€ğŸ’» Script: https://www.instagram.com/shoubhik_sadhu/ 
ğŸ‘¨ğŸ»â€ğŸ’» Video Editor: https://www.instagram.com/y_singhal/
ğŸ‘¨ğŸ»â€ğŸ’» Video Editor: https://www.instagram.com/development_enthusiast/
ğŸ‘¨ğŸ»â€ğŸ’» Video Editor: https://www.instagram.com/sathvikpanchumarthy/
ğŸ‘¨ğŸ»â€ğŸ’» Video Editor: https://www.instagram.com/yuv.3gp/

#Tech #Smartphones #TeamTechWiser",2025-10-22T11:42:47Z,TechWiser,28,en,en-GB,https://i.ytimg.com/vi/5GwdXOPTmzo/default.jpg,https://i.ytimg.com/vi/5GwdXOPTmzo/hqdefault.jpg,PT11M3S,288947,5463,440,public,UCdp6GUwjKscp5ST4M4WgIpw,TechWiser,"Founded in 2012, TechWiser helps people to solve common tech-related problems in fun and simple way.

This channel contains product affiliate links from Amazon. We may receive a commission if you make a purchase after clicking on one of these links.Â 

",IN,https://yt3.ggpht.com/CqJpQN1SJM9sLiT-bXiS5NFJf-gXhy7CBX2ft-gY1lSr84BR1knBzA7MwS0wtQDwhkwMVmxgAA=s88-c-k-c0x00ffffff-no-rj,2450000,1660
kf6Jxuj5INk,"We spent 2,50,000 To Find The Best Tablet!","Go to https://surfshark.com/techwiser or use code TECHWISER at checkout to get 4 extra months of Surfshark VPN!

The tablet market has DOUBLED, but most people have NO IDEA which one to buy! We spent â‚¹2.5 lakhs testing tablets from â‚¹20k to â‚¹1.5L, putting them through gaming, productivity, and binge-watching marathons. 

From the Xiaomi Pad 7's anti-glare wizardry to the OnePlus Pad 2's flagship power, and the ultimate showdown between iPad Pro M4 vs Galaxy Tab S11 Ultra â€“ we reveal the REAL winners at every price point. Find out which tablet is perfect for YOU!

Links for tablets:
1. Xiaomi Pad 7 - https://www.amazon.in/Xiaomi-Pad-Qualcomm-Snapdragon-CrystalRes/dp/B0DRYWLVNH
2. OnePlus Pad 2 - https://www.flipkart.com/oneplus-pad-2-8-gb-ram-128-rom-12-1-inch-wi-fi-only-tablet-nimbus-gray/p/itm322067307570d
3. iPad 11th Gen - https://www.amazon.in/Apple-iPad-11%E2%80%B3-Display-All-Day/dp/B0DZ79Q1DB
4. OnePlus Pad 3 - https://www.amazon.in/OnePlus-Snapdragon-Processor-Adaptive-Speakers/dp/B0FN7431GX
5. Samsung Galaxy Tab S9 - https://www.flipkart.com/samsung-galaxy-tab-s9-8-gb-ram-128-rom-11-0-inch-wi-fi-only-tablet-beige/p/itmf9da594aa7330
6. iPad Pro - https://www.flipkart.com/apple-2024-ipad-pro-m4-256-gb-rom-11-0-inch-wi-fi-only-space-black/p/itm850f624197a33
7. Samsung Galaxy Tab S11 Ultra - https://www.amazon.in/Samsung-Galaxy-Dynamic-Display-Storage/dp/B0FNWQ1FW6

Chapters:
00:00 Intro
01:12 Best Budget Tablet
05:28 Best Tablet Under 30,000
09:31 Best Tablet 30k-50k
13:02 Best Premium Tablets
15:16 The Most Expensive Android Tablet
18:02 Conclusion

ğŸš€ We Are Hiring! APPLY HERE: https://techwiser.com/we-are-hiring

ğŸŒŸ Please leave a LIKE â¤ï¸ and SUBSCRIBE For More Videos Like This! ğŸŒŸ

------------------------------------------------------------------------------
 
ğŸŒŸ  Follow Us Other Social Media Platforms ğŸŒŸ 

ğŸ¦ Twitter: https://twitter.com/TechWiser
ğŸ‘©â€ğŸ‘§â€ğŸ‘¦ Facebook: https://www.facebook.com/techwiser
ğŸ“· Instagram: https://www.instagram.com/techwiser
ğŸŒ Website: http://techwiser.com
------------------------------------------------------------------------------
 
ğŸŒŸ Team TechWiser ğŸŒŸ 

ğŸ™‹ğŸ»â€â™‚ï¸ Video Producer: https://www.instagram.com/praaatiiik
ğŸ“¹ Channel Manager: https://www.instagram.com/mr_dinesh_ji
ğŸ‘¨ğŸ»â€ğŸ’» Script: https://www.instagram.com/shoubhik_sadhu/ 
ğŸ‘¨ğŸ»â€ğŸ’» Video Editor: https://www.instagram.com/y_singhal/
ğŸ‘¨ğŸ»â€ğŸ’» Video Editor: https://www.instagram.com/development_enthusiast/
ğŸ‘¨ğŸ»â€ğŸ’» Video Editor: https://www.instagram.com/sathvikpanchumarthy/
ğŸ‘¨ğŸ»â€ğŸ’» Video Editor: https://www.instagram.com/yuv.3gp/

#Tech #Smartphones #TeamTechWiser",2025-10-19T16:57:36Z,TechWiser,28,en,en-GB,https://i.ytimg.com/vi/kf6Jxuj5INk/default.jpg,https://i.ytimg.com/vi/kf6Jxuj5INk/hqdefault.jpg,PT18M12S,273698,6174,639,public,UCdp6GUwjKscp5ST4M4WgIpw,TechWiser,"Founded in 2012, TechWiser helps people to solve common tech-related problems in fun and simple way.

This channel contains product affiliate links from Amazon. We may receive a commission if you make a purchase after clicking on one of these links.Â 

",IN,https://yt3.ggpht.com/CqJpQN1SJM9sLiT-bXiS5NFJf-gXhy7CBX2ft-gY1lSr84BR1knBzA7MwS0wtQDwhkwMVmxgAA=s88-c-k-c0x00ffffff-no-rj,2450000,1660
4XYI7ioVk70,Are Budget Smartphones Really Good?,"This is INSANE! ğŸ’¥ We pit a â‚¹13,999 vivo T4x against a mystery â‚¹10,999 phone with IDENTICAL specsâ€”and the results will shock you! From display brightness to a massive 7000mAh battery that doubles as a powerbank, one phone absolutely crushes it. Which budget beast wins? ğŸ”¥

#Flipkart #BBD2025 #Shopping #Festive #POCO #POCOIndia #POCOFestiveMADness #POCOM7Plus5G #vivot4x",2025-10-18T09:14:09Z,TechWiser,28,en,en-GB,https://i.ytimg.com/vi/4XYI7ioVk70/default.jpg,https://i.ytimg.com/vi/4XYI7ioVk70/hqdefault.jpg,PT2M6S,380118,16167,300,public,UCdp6GUwjKscp5ST4M4WgIpw,TechWiser,"Founded in 2012, TechWiser helps people to solve common tech-related problems in fun and simple way.

This channel contains product affiliate links from Amazon. We may receive a commission if you make a purchase after clicking on one of these links.Â 

",IN,https://yt3.ggpht.com/CqJpQN1SJM9sLiT-bXiS5NFJf-gXhy7CBX2ft-gY1lSr84BR1knBzA7MwS0wtQDwhkwMVmxgAA=s88-c-k-c0x00ffffff-no-rj,2450000,1660
cWM7XVG8A68,We Got Insane Diwali Gadgets Under Budget!,"5 insane Diwali gadgets that won't break the bank! We've got smart star lights with music sync, a â‚¹100 star projector, and wait for it... a REAL mini lightsaber flame lighter for just â‚¹500! ğŸ”¥ Perfect for lighting up your festivities and impressing everyone at your Diwali party. 

Links at techwiser.store",2025-10-17T14:22:29Z,TechWiser,28,en,en-GB,https://i.ytimg.com/vi/cWM7XVG8A68/default.jpg,https://i.ytimg.com/vi/cWM7XVG8A68/hqdefault.jpg,PT1M25S,512125,26367,146,public,UCdp6GUwjKscp5ST4M4WgIpw,TechWiser,"Founded in 2012, TechWiser helps people to solve common tech-related problems in fun and simple way.

This channel contains product affiliate links from Amazon. We may receive a commission if you make a purchase after clicking on one of these links.Â 

",IN,https://yt3.ggpht.com/CqJpQN1SJM9sLiT-bXiS5NFJf-gXhy7CBX2ft-gY1lSr84BR1knBzA7MwS0wtQDwhkwMVmxgAA=s88-c-k-c0x00ffffff-no-rj,2450000,1660
fSgQvU5nU44,Vivo Just CHANGED the GAME: OriginOS is HERE!,"Vivo's been DOMINATING India's smartphone market, but their software? Always the weak link. NOT ANYMORE! Origin OS 6 is HERE, and it's a complete game-changer. Buttery animations, insane customization, and AI that actually worksâ€”vivo finally fixed their biggest problem!

@iQOOIndia @VivoIndiaOfficial 
#vivoIndia #OriginOS6 #iqooindia  #smoothatorigin 

Chapters:
0:00 Introduction & Overview
1:15 First Impressions & Design Changes
2:00 Animations & Visual Effects
2:45 Lock Screen Upgrades
3:30 Fingerprint Animation & Theme Sync
4:15 Origin Island
5:30 Private Space Feature
6:15 Security Features
6:45 Performance & Ultra Core Computing Engine
7:45 AI Features & Conclusion

ğŸš€ We Are Hiring! APPLY HERE: https://techwiser.com/we-are-hiring

ğŸŒŸ Please leave a LIKE â¤ï¸ and SUBSCRIBE For More Videos Like This! ğŸŒŸ

------------------------------------------------------------------------------
 
ğŸŒŸ  Follow Us Other Social Media Platforms ğŸŒŸ 

ğŸ¦ Twitter: https://twitter.com/TechWiser
ğŸ‘©â€ğŸ‘§â€ğŸ‘¦ Facebook: https://www.facebook.com/techwiser
ğŸ“· Instagram: https://www.instagram.com/techwiser
ğŸŒ Website: http://techwiser.com
------------------------------------------------------------------------------
 
ğŸŒŸ Team TechWiser ğŸŒŸ 

ğŸ™‹ğŸ»â€â™‚ï¸ Video Producer: https://www.instagram.com/praaatiiik
ğŸ“¹ Channel Manager: https://www.instagram.com/mr_dinesh_ji
ğŸ‘¨ğŸ»â€ğŸ’» Script: https://www.instagram.com/shoubhik_sadhu/ 
ğŸ‘¨ğŸ»â€ğŸ’» Video Editor: https://www.instagram.com/y_singhal/
ğŸ‘¨ğŸ»â€ğŸ’» Video Editor: https://www.instagram.com/development_enthusiast/
ğŸ‘¨ğŸ»â€ğŸ’» Video Editor: https://www.instagram.com/sathvikpanchumarthy/
ğŸ‘¨ğŸ»â€ğŸ’» Video Editor: https://www.instagram.com/yuv.3gp/

#Tech #Smartphones #TeamTechWiser",2025-10-15T13:01:35Z,TechWiser,28,en,en-GB,https://i.ytimg.com/vi/fSgQvU5nU44/default.jpg,https://i.ytimg.com/vi/fSgQvU5nU44/hqdefault.jpg,PT8M48S,270985,10065,1203,public,UCdp6GUwjKscp5ST4M4WgIpw,TechWiser,"Founded in 2012, TechWiser helps people to solve common tech-related problems in fun and simple way.

This channel contains product affiliate links from Amazon. We may receive a commission if you make a purchase after clicking on one of these links.Â 

",IN,https://yt3.ggpht.com/CqJpQN1SJM9sLiT-bXiS5NFJf-gXhy7CBX2ft-gY1lSr84BR1knBzA7MwS0wtQDwhkwMVmxgAA=s88-c-k-c0x00ffffff-no-rj,2450000,1660
yvyI-YH7NmQ,Why Xiaomi Always Copies Apple?,"Go to https://surfshark.com/techwiser or use code TECHWISER at checkout to get 4 extra months of Surfshark VPN!

Everyone's screaming ""Xiaomi copied iPhone!""â€”but wait until you see the 5 world-first features Apple WISHES they had. We expose the billion-dollar reason behind the copycat game, and reveal how iPhone is secretly doing the SAME thing. The smartphone industry will never look the same.

ğŸš€ We Are Hiring! APPLY HERE: https://techwiser.com/we-are-hiring

Chapters:
00:00 The Problem
00:53 Features First Time On A Smartphone
01:56 First Feature
02:52 Second Feature
04:07 Third Feature
05:11 Fourth Feature
06:30 Fifth Feature
08:07 Why Android companies copy Apple?
09:07 Comparative Marketing
09:47 Manufacturing Advantage
10:05 Times when iPhone Copied
11:08 Conclusion

ğŸŒŸ Please leave a LIKE â¤ï¸ and SUBSCRIBE For More Videos Like This! ğŸŒŸ

------------------------------------------------------------------------------
 
ğŸŒŸ  Follow Us Other Social Media Platforms ğŸŒŸ 

ğŸ¦ Twitter: https://twitter.com/TechWiser
ğŸ‘©â€ğŸ‘§â€ğŸ‘¦ Facebook: https://www.facebook.com/techwiser
ğŸ“· Instagram: https://www.instagram.com/techwiser
ğŸŒ Website: http://techwiser.com
------------------------------------------------------------------------------
 
ğŸŒŸ Team TechWiser ğŸŒŸ 

ğŸ™‹ğŸ»â€â™‚ï¸ Video Producer: https://www.instagram.com/praaatiiik
ğŸ“¹ Channel Manager: https://www.instagram.com/mr_dinesh_ji
ğŸ‘¨ğŸ»â€ğŸ’» Script: https://www.instagram.com/shoubhik_sadhu/ 
ğŸ‘¨ğŸ»â€ğŸ’» Video Editor: https://www.instagram.com/y_singhal/
ğŸ‘¨ğŸ»â€ğŸ’» Video Editor: https://www.instagram.com/development_enthusiast/
ğŸ‘¨ğŸ»â€ğŸ’» Video Editor: https://www.instagram.com/sathvikpanchumarthy/
ğŸ‘¨ğŸ»â€ğŸ’» Video Editor: https://www.instagram.com/yuv.3gp/

#Tech #Smartphones #TeamTechWiser",2025-10-14T15:22:11Z,TechWiser,28,en,en-GB,https://i.ytimg.com/vi/yvyI-YH7NmQ/default.jpg,https://i.ytimg.com/vi/yvyI-YH7NmQ/hqdefault.jpg,PT12M4S,101817,3567,400,public,UCdp6GUwjKscp5ST4M4WgIpw,TechWiser,"Founded in 2012, TechWiser helps people to solve common tech-related problems in fun and simple way.

This channel contains product affiliate links from Amazon. We may receive a commission if you make a purchase after clicking on one of these links.Â 

",IN,https://yt3.ggpht.com/CqJpQN1SJM9sLiT-bXiS5NFJf-gXhy7CBX2ft-gY1lSr84BR1knBzA7MwS0wtQDwhkwMVmxgAA=s88-c-k-c0x00ffffff-no-rj,2450000,1660
hIdYAjUKZsE,"Forget Google Chrome, This Browser Will Take Jobs!","We tested Perplexity's AI browser against our ENTIRE team â€“ research, operations, and creative work. The results? Shocking. Can AI really replace humans, or is this just another overhyped claim? Watch to find out who survived. ğŸ‘€",2025-10-14T11:01:23Z,TechWiser,28,en,en-GB,https://i.ytimg.com/vi/hIdYAjUKZsE/default.jpg,https://i.ytimg.com/vi/hIdYAjUKZsE/hqdefault.jpg,PT1M46S,358599,17433,147,public,UCdp6GUwjKscp5ST4M4WgIpw,TechWiser,"Founded in 2012, TechWiser helps people to solve common tech-related problems in fun and simple way.

This channel contains product affiliate links from Amazon. We may receive a commission if you make a purchase after clicking on one of these links.Â 

",IN,https://yt3.ggpht.com/CqJpQN1SJM9sLiT-bXiS5NFJf-gXhy7CBX2ft-gY1lSr84BR1knBzA7MwS0wtQDwhkwMVmxgAA=s88-c-k-c0x00ffffff-no-rj,2450000,1660
MANWiL_H2AQ,Samsung vs iPhone - Which has better AI?,"Apple Intelligence has FINALLY landed in India! ğŸ‡®ğŸ‡³ After months of waiting, iPhone users can now experience AI features that were exclusive to other regions. Is it worth the hype? Let's find out! ğŸ”¥

#GalaxyS25Ultra #Samsung #GalaxyAI #GeminiLiveAI #GoogleGemini #appleintelligence #iphone17promax",2025-10-12T11:00:30Z,TechWiser,28,en,en-GB,https://i.ytimg.com/vi/MANWiL_H2AQ/default.jpg,https://i.ytimg.com/vi/MANWiL_H2AQ/hqdefault.jpg,PT1M45S,424218,20920,311,public,UCdp6GUwjKscp5ST4M4WgIpw,TechWiser,"Founded in 2012, TechWiser helps people to solve common tech-related problems in fun and simple way.

This channel contains product affiliate links from Amazon. We may receive a commission if you make a purchase after clicking on one of these links.Â 

",IN,https://yt3.ggpht.com/CqJpQN1SJM9sLiT-bXiS5NFJf-gXhy7CBX2ft-gY1lSr84BR1knBzA7MwS0wtQDwhkwMVmxgAA=s88-c-k-c0x00ffffff-no-rj,2450000,1660
yLsdipFatgg,3 Updates That You Should Know in 2025!,"ChatGPT just dropped 3 game-changing updates that are creating millionaires right now â€“ from generating AI videos of yourself for ads and content (hello, passive income!) to building custom agents that automate entire businesses! If you're still using ChatGPT the old way, you're leaving serious money on the table while others are scaling 10x faster. This isn't just an update, it's your blueprint for 2025. âš¡ğŸ’°",2025-10-11T11:01:47Z,TechWiser,28,en,en-GB,https://i.ytimg.com/vi/yLsdipFatgg/default.jpg,https://i.ytimg.com/vi/yLsdipFatgg/hqdefault.jpg,PT1M28S,316508,14646,106,public,UCdp6GUwjKscp5ST4M4WgIpw,TechWiser,"Founded in 2012, TechWiser helps people to solve common tech-related problems in fun and simple way.

This channel contains product affiliate links from Amazon. We may receive a commission if you make a purchase after clicking on one of these links.Â 

",IN,https://yt3.ggpht.com/CqJpQN1SJM9sLiT-bXiS5NFJf-gXhy7CBX2ft-gY1lSr84BR1knBzA7MwS0wtQDwhkwMVmxgAA=s88-c-k-c0x00ffffff-no-rj,2450000,1660
ysc7JLvSq-A,Samsung Broke It's Own Rule With This Phone!,"Samsung just broke its own playbook with a â‚¹12,499 phone that packs flagship features you'd never expect at this price! From OIS camera magic to 6 years of updates and Gemini AI, this budget beast is making expensive upgrades feel pointless. Is this the phone that finally makes premium features accessible to everyone? ğŸ”¥",2025-10-10T12:31:20Z,TechWiser,28,en,en-GB,https://i.ytimg.com/vi/ysc7JLvSq-A/default.jpg,https://i.ytimg.com/vi/ysc7JLvSq-A/hqdefault.jpg,PT1M40S,628430,29949,946,public,UCdp6GUwjKscp5ST4M4WgIpw,TechWiser,"Founded in 2012, TechWiser helps people to solve common tech-related problems in fun and simple way.

This channel contains product affiliate links from Amazon. We may receive a commission if you make a purchase after clicking on one of these links.Â 

",IN,https://yt3.ggpht.com/CqJpQN1SJM9sLiT-bXiS5NFJf-gXhy7CBX2ft-gY1lSr84BR1knBzA7MwS0wtQDwhkwMVmxgAA=s88-c-k-c0x00ffffff-no-rj,2450000,1660
aaW7nzh18_I,You Need To Know About This UPI Update!,"Make UPI payments using just your fingerprint or Face ID â€” no PIN needed! ğŸ’¸
Hereâ€™s everything you need to know about this new NCPI update rolling out from October 8, including limits, security, and setup.
Perfect for anyone who uses GPay, PhonePe, or Paytm daily!",2025-10-10T09:36:22Z,TechWiser,28,en,en-GB,https://i.ytimg.com/vi/aaW7nzh18_I/default.jpg,https://i.ytimg.com/vi/aaW7nzh18_I/hqdefault.jpg,PT1M7S,561535,24464,421,public,UCdp6GUwjKscp5ST4M4WgIpw,TechWiser,"Founded in 2012, TechWiser helps people to solve common tech-related problems in fun and simple way.

This channel contains product affiliate links from Amazon. We may receive a commission if you make a purchase after clicking on one of these links.Â 

",IN,https://yt3.ggpht.com/CqJpQN1SJM9sLiT-bXiS5NFJf-gXhy7CBX2ft-gY1lSr84BR1knBzA7MwS0wtQDwhkwMVmxgAA=s88-c-k-c0x00ffffff-no-rj,2450000,1660
Q0ISwwyJYzU,[Exclusive] Don't Buy ANY Phone in Diwali Sale Before Watching This!,"Hold on to your smartphone purchase. The Flipkart Big Bang Diwali sale starts on 10th Oct, 2025 for Flipkart Black customers. Huge discounts are coming on Flipkart for the Diwali sale! Check out our selection of smartphones for great deals.

Chapters
00:00 Intro
00:38 Best Deals Under 10,000
02:37 Best Deals Under 15,000
05:47 Best Deals Under 20,000
08:32 Best Deals Under 30,000
10:10 Best Deals Under 40,000
13:16 Best Flagship Deals
14:37 Conclusion

This video is made in #collab with Flipkart

ğŸš€ We Are Hiring! APPLY HERE: https://techwiser.com/we-are-hiring

ğŸŒŸ Please leave a LIKE â¤ï¸ and SUBSCRIBE For More Videos Like This! ğŸŒŸ

------------------------------------------------------------------------------
 
ğŸŒŸ  Follow Us Other Social Media Platforms ğŸŒŸ 

ğŸ¦ Twitter: https://twitter.com/TechWiser
ğŸ‘©â€ğŸ‘§â€ğŸ‘¦ Facebook: https://www.facebook.com/techwiser
ğŸ“· Instagram: https://www.instagram.com/techwiser
ğŸŒ Website: http://techwiser.com
------------------------------------------------------------------------------
 
ğŸŒŸ Team TechWiser ğŸŒŸ 

ğŸ™‹ğŸ»â€â™‚ï¸ Video Producer: https://www.instagram.com/praaatiiik
ğŸ“¹ Channel Manager: https://www.instagram.com/mr_dinesh_ji
ğŸ‘¨ğŸ»â€ğŸ’» Script: https://www.instagram.com/shoubhik_sadhu/ 
ğŸ‘¨ğŸ»â€ğŸ’» Video Editor: https://www.instagram.com/y_singhal/
ğŸ‘¨ğŸ»â€ğŸ’» Video Editor: https://www.instagram.com/development_enthusiast/
ğŸ‘¨ğŸ»â€ğŸ’» Video Editor: https://www.instagram.com/sathvikpanchumarthy/
ğŸ‘¨ğŸ»â€ğŸ’» Video Editor: https://www.instagram.com/yuv.3gp/

#Tech #Smartphones #TeamTechWiser",2025-10-09T17:44:59Z,TechWiser,28,en,en-GB,https://i.ytimg.com/vi/Q0ISwwyJYzU/default.jpg,https://i.ytimg.com/vi/Q0ISwwyJYzU/hqdefault.jpg,PT15M2S,225184,4423,727,public,UCdp6GUwjKscp5ST4M4WgIpw,TechWiser,"Founded in 2012, TechWiser helps people to solve common tech-related problems in fun and simple way.

This channel contains product affiliate links from Amazon. We may receive a commission if you make a purchase after clicking on one of these links.Â 

",IN,https://yt3.ggpht.com/CqJpQN1SJM9sLiT-bXiS5NFJf-gXhy7CBX2ft-gY1lSr84BR1knBzA7MwS0wtQDwhkwMVmxgAA=s88-c-k-c0x00ffffff-no-rj,2450000,1660
uhfeEZAB29c,World's Best vs India's Best Selling Smartphone!,"Shorts_The Math is NOT Mathing for the iPhone 16e!
The world's best-selling iPhone just got DESTROYED by India's favorite premium phone! 60Hz vs 120Hz, weaker benchmarks, and AI that can't even compare â€“ the numbers don't lie. ğŸ˜±

#s25fe #samsung #iphone16e #sale",2025-10-09T12:31:25Z,TechWiser,28,en,en-GB,https://i.ytimg.com/vi/uhfeEZAB29c/default.jpg,https://i.ytimg.com/vi/uhfeEZAB29c/hqdefault.jpg,PT1M43S,450625,20600,342,public,UCdp6GUwjKscp5ST4M4WgIpw,TechWiser,"Founded in 2012, TechWiser helps people to solve common tech-related problems in fun and simple way.

This channel contains product affiliate links from Amazon. We may receive a commission if you make a purchase after clicking on one of these links.Â 

",IN,https://yt3.ggpht.com/CqJpQN1SJM9sLiT-bXiS5NFJf-gXhy7CBX2ft-gY1lSr84BR1knBzA7MwS0wtQDwhkwMVmxgAA=s88-c-k-c0x00ffffff-no-rj,2450000,1660
lQKrWy6plkk,You Will Hate Your Laptop's Keyboard!,"ğŸ”¥ Found the ULTIMATE Budget Mechanical Keyboard for â‚¹2000! Hot-swappable switches, 5-device connectivity, and features that put expensive keyboards to shame. The Katana S by EvoFox might just be the game-changer you've been waiting for. This isn't just another budget optionâ€”it's a premium experience without the premium price tag! ğŸ®âŒ¨ï¸

You can find the link at techwiser.store",2025-10-08T11:01:31Z,TechWiser,28,en,en-GB,https://i.ytimg.com/vi/lQKrWy6plkk/default.jpg,https://i.ytimg.com/vi/lQKrWy6plkk/hqdefault.jpg,PT1M10S,1178122,47569,259,public,UCdp6GUwjKscp5ST4M4WgIpw,TechWiser,"Founded in 2012, TechWiser helps people to solve common tech-related problems in fun and simple way.

This channel contains product affiliate links from Amazon. We may receive a commission if you make a purchase after clicking on one of these links.Â 

",IN,https://yt3.ggpht.com/CqJpQN1SJM9sLiT-bXiS5NFJf-gXhy7CBX2ft-gY1lSr84BR1knBzA7MwS0wtQDwhkwMVmxgAA=s88-c-k-c0x00ffffff-no-rj,2450000,1660
7cSztgDmWkI,5 Reasons Why iPhone Still S!@ks!,"Apple called it ""The best iPhone Ever"" but conveniently forgot to mention these 5 things! From weight disasters to Siri's embarrassing failures, the iPhone 17 Pro's secrets are finally exposed. This comparison will shock you! ğŸ˜±

#GalaxyS25Ultra #Samsung #GalaxyAI #GeminiLiveAI #GoogleGemini
#iphone17promax 

You can checkout S25 Ultra here: https://www.samsung.com/in/smartphones/galaxy-s25-ultra/buy/?cid=in_pd_video_youtube_s25_none_samsung-s25-q1-2025_influencers-video_22jan2025-yt_7-videowatchers-cpv_na-na-na-na-na-na-na-na-na-na-na",2025-10-06T12:20:30Z,TechWiser,28,en,en-GB,https://i.ytimg.com/vi/7cSztgDmWkI/default.jpg,https://i.ytimg.com/vi/7cSztgDmWkI/hqdefault.jpg,PT2M16S,2291008,108878,1264,public,UCdp6GUwjKscp5ST4M4WgIpw,TechWiser,"Founded in 2012, TechWiser helps people to solve common tech-related problems in fun and simple way.

This channel contains product affiliate links from Amazon. We may receive a commission if you make a purchase after clicking on one of these links.Â 

",IN,https://yt3.ggpht.com/CqJpQN1SJM9sLiT-bXiS5NFJf-gXhy7CBX2ft-gY1lSr84BR1knBzA7MwS0wtQDwhkwMVmxgAA=s88-c-k-c0x00ffffff-no-rj,2450000,1660
FYvTNBB5bJA,The Dark Truth Of Social Media! *Brain Rot*,"Your brain craves dopamine hits every 8 seconds, and tech companies know exactly how to exploit it. We tested our own team to reveal how scrolling is literally erasing your memory in real-time. Can you survive this video at 1x speed, or are you already part of the brain rot epidemic?

ğŸš€ We Are Hiring! APPLY HERE: https://techwiser.com/we-are-hiring

ğŸŒŸ Please leave a LIKE â¤ï¸ and SUBSCRIBE For More Videos Like This! ğŸŒŸ

------------------------------------------------------------------------------
 
ğŸŒŸ  Follow Us Other Social Media Platforms ğŸŒŸ 

ğŸ¦ Twitter: https://twitter.com/TechWiser
ğŸ‘©â€ğŸ‘§â€ğŸ‘¦ Facebook: https://www.facebook.com/techwiser
ğŸ“· Instagram: https://www.instagram.com/techwiser
ğŸŒ Website: http://techwiser.com
------------------------------------------------------------------------------
 
ğŸŒŸ Team TechWiser ğŸŒŸ 

ğŸ™‹ğŸ»â€â™‚ï¸ Video Producer: https://www.instagram.com/praaatiiik
ğŸ“¹ Channel Manager: https://www.instagram.com/mr_dinesh_ji
ğŸ‘¨ğŸ»â€ğŸ’» Script: https://www.instagram.com/shoubhik_sadhu/ 
ğŸ‘¨ğŸ»â€ğŸ’» Video Editor: https://www.instagram.com/y_singhal/
ğŸ‘¨ğŸ»â€ğŸ’» Video Editor: https://www.instagram.com/development_enthusiast/
ğŸ‘¨ğŸ»â€ğŸ’» Video Editor: https://www.instagram.com/sathvikpanchumarthy/

#Tech #Smartphones #TeamTechWiser",2025-10-05T05:30:07Z,TechWiser,28,en,en-GB,https://i.ytimg.com/vi/FYvTNBB5bJA/default.jpg,https://i.ytimg.com/vi/FYvTNBB5bJA/hqdefault.jpg,PT11M34S,435164,25457,2157,public,UCdp6GUwjKscp5ST4M4WgIpw,TechWiser,"Founded in 2012, TechWiser helps people to solve common tech-related problems in fun and simple way.

This channel contains product affiliate links from Amazon. We may receive a commission if you make a purchase after clicking on one of these links.Â 

",IN,https://yt3.ggpht.com/CqJpQN1SJM9sLiT-bXiS5NFJf-gXhy7CBX2ft-gY1lSr84BR1knBzA7MwS0wtQDwhkwMVmxgAA=s88-c-k-c0x00ffffff-no-rj,2450000,1660
P63R38nD2UI,Don't Buy A Compact Phone Without Watching This Video!,"The most UNDERRATED compact phone of 2025 just dropped to â‚¹47,799! ğŸ”¥ SD 8 Elite, lifetime display warranty, and it DESTROYS phones twice its price. This deal is INSANE!

You can checkout the OnePlus 13S here: https://dl.amazon.in/redirect?campaignId=NZNZ&failureMode=MobileWebMostly&url=https%3A%2F%2Fwww.amazon.in%2Fdp%2FB0F5WTG8RG&customFallbackUrl=https%3A%2F%2Fwww.amazon.in%2Fdp%2FB0F5WTG8RG

#OnePlus13s",2025-10-04T13:12:01Z,TechWiser,28,en,en-GB,https://i.ytimg.com/vi/P63R38nD2UI/default.jpg,https://i.ytimg.com/vi/P63R38nD2UI/hqdefault.jpg,PT1M36S,508429,21367,315,public,UCdp6GUwjKscp5ST4M4WgIpw,TechWiser,"Founded in 2012, TechWiser helps people to solve common tech-related problems in fun and simple way.

This channel contains product affiliate links from Amazon. We may receive a commission if you make a purchase after clicking on one of these links.Â 

",IN,https://yt3.ggpht.com/CqJpQN1SJM9sLiT-bXiS5NFJf-gXhy7CBX2ft-gY1lSr84BR1knBzA7MwS0wtQDwhkwMVmxgAA=s88-c-k-c0x00ffffff-no-rj,2450000,1660
E8xcU4J7Hqs,Did Nothing Lie About the OS Update?,"Nothing OS 4.0 is here and it's MISSING everything they promised! But hold on... we found 3 hidden features that'll blow your mind ğŸ¤¯ From AI transparency that actually shows when you're being spied on, to creating apps WITHOUT CODE - this is either revolutionary or a complete disaster. Which one is it?

#nothing #nothingos",2025-10-03T11:03:06Z,TechWiser,28,en,en-GB,https://i.ytimg.com/vi/E8xcU4J7Hqs/default.jpg,https://i.ytimg.com/vi/E8xcU4J7Hqs/hqdefault.jpg,PT1M43S,422185,19795,177,public,UCdp6GUwjKscp5ST4M4WgIpw,TechWiser,"Founded in 2012, TechWiser helps people to solve common tech-related problems in fun and simple way.

This channel contains product affiliate links from Amazon. We may receive a commission if you make a purchase after clicking on one of these links.Â 

",IN,https://yt3.ggpht.com/CqJpQN1SJM9sLiT-bXiS5NFJf-gXhy7CBX2ft-gY1lSr84BR1knBzA7MwS0wtQDwhkwMVmxgAA=s88-c-k-c0x00ffffff-no-rj,2450000,1660
c6NCEmCBkHQ,"The Best Laptop Under 50,000 In This Sale! *Lenovo Ideapad Slim 3*","This â‚¹50K Snapdragon laptop does something NO other Windows laptop can do... and it makes Intel & AMD look ancient. But there's a catch you NEED to know before buying! ğŸ˜±

You can checkout the laptop here: https://www.flipkart.com/lenovo-ideapad-slim-3-qualcomm-snapdragon-x-16-gb-512-gb-ssd-windows-11-home-15q8x10-thin-light-laptop/p/itmd7e5b6cc991fe

#snapdragon #macbookm1 #laptop #laptopforstudents 

ğŸš€ We Are Hiring! APPLY HERE: https://techwiser.com/we-are-hiring

ğŸŒŸ Please leave a LIKE â¤ï¸ and SUBSCRIBE For More Videos Like This! ğŸŒŸ

------------------------------------------------------------------------------
 
ğŸŒŸ  Follow Us Other Social Media Platforms ğŸŒŸ 

ğŸ¦ Twitter: https://twitter.com/TechWiser
ğŸ‘©â€ğŸ‘§â€ğŸ‘¦ Facebook: https://www.facebook.com/techwiser
ğŸ“· Instagram: https://www.instagram.com/techwiser
ğŸŒ Website: http://techwiser.com
------------------------------------------------------------------------------
 
ğŸŒŸ Team TechWiser ğŸŒŸ 

ğŸ™‹ğŸ»â€â™‚ï¸ Video Producer: https://www.instagram.com/praaatiiik
ğŸ“¹ Channel Manager: https://www.instagram.com/mr_dinesh_ji
ğŸ‘¨ğŸ»â€ğŸ’» Script: https://www.instagram.com/shoubhik_sadhu/ 
ğŸ‘¨ğŸ»â€ğŸ’» Video Editor: https://www.instagram.com/y_singhal/
ğŸ‘¨ğŸ»â€ğŸ’» Video Editor: https://www.instagram.com/development_enthusiast/
ğŸ‘¨ğŸ»â€ğŸ’» Video Editor: https://www.instagram.com/sathvikpanchumarthy/

#Tech #Smartphones #TeamTechWiser",2025-09-30T11:01:07Z,TechWiser,28,en,en-GB,https://i.ytimg.com/vi/c6NCEmCBkHQ/default.jpg,https://i.ytimg.com/vi/c6NCEmCBkHQ/hqdefault.jpg,PT9M34S,182100,2873,302,public,UCdp6GUwjKscp5ST4M4WgIpw,TechWiser,"Founded in 2012, TechWiser helps people to solve common tech-related problems in fun and simple way.

This channel contains product affiliate links from Amazon. We may receive a commission if you make a purchase after clicking on one of these links.Â 

",IN,https://yt3.ggpht.com/CqJpQN1SJM9sLiT-bXiS5NFJf-gXhy7CBX2ft-gY1lSr84BR1knBzA7MwS0wtQDwhkwMVmxgAA=s88-c-k-c0x00ffffff-no-rj,2450000,1660
23lvxGaAqns,We Got The Most Popular Earbuds From Amazon!,"TWS Showdown: 35K Reviews Can't Be Wrong!
Shocking Winner! ğŸ§âš¡

The ultimate budget TWS battle that'll change how you think about expensive vs affordable! One costs â‚¹600 LESS but delivers MORE - wait till you see which one our blind test crowned the champion! ğŸ”¥

You can checkout boat Prime 701ANC here - 
https://fkart.openinapp.co/Tech-Wiser-AD701

Nord Buds 3 Pro - https://amzn.in/d/cF4oNSU

#upgradetoboAt #nordbuds3pro #oneplus",2025-09-28T11:16:54Z,TechWiser,28,en,en-GB,https://i.ytimg.com/vi/23lvxGaAqns/default.jpg,https://i.ytimg.com/vi/23lvxGaAqns/hqdefault.jpg,PT1M40S,352743,11386,223,public,UCdp6GUwjKscp5ST4M4WgIpw,TechWiser,"Founded in 2012, TechWiser helps people to solve common tech-related problems in fun and simple way.

This channel contains product affiliate links from Amazon. We may receive a commission if you make a purchase after clicking on one of these links.Â 

",IN,https://yt3.ggpht.com/CqJpQN1SJM9sLiT-bXiS5NFJf-gXhy7CBX2ft-gY1lSr84BR1knBzA7MwS0wtQDwhkwMVmxgAA=s88-c-k-c0x00ffffff-no-rj,2450000,1660
